home_team,away_team,home_score,away_score,date,year,week,home_spread,home_games_played,home_first_downs,home_rush_attempts,home_rushing_yards,home_rushing_touchdowns,home_pass_completions,home_pass_attempts,home_passing_yards,home_passing_touchdowns,home_interceptions_thrown,home_times_sacked,home_sacked_yards,home_net_passing_yards,home_total_yards,home_fumbles,home_fumbles_lost,home_turnovers,home_penalties,home_penalty_yards,home_third_down_conversions,home_third_downs,home_fourth_down_conversions,home_fourth_downs,home_time_of_possession,home_yards_allowed,home_interceptions,home_fumbles_forced,home_fumbles_recovered,home_turnovers_forced,home_sacks,home_sack_yards_forced,away_games_played,away_first_downs,away_rush_attempts,away_rushing_yards,away_rushing_touchdowns,away_pass_completions,away_pass_attempts,away_passing_yards,away_passing_touchdowns,away_interceptions_thrown,away_times_sacked,away_sacked_yards,away_net_passing_yards,away_total_yards,away_fumbles,away_fumbles_lost,away_turnovers,away_penalties,away_penalty_yards,away_third_down_conversions,away_third_downs,away_fourth_down_conversions,away_fourth_downs,away_time_of_possession,away_yards_allowed,away_interceptions,away_fumbles_forced,away_fumbles_recovered,away_turnovers_forced,away_sacks,away_sack_yards_forced
Pittsburgh Steelers,AFC Championship - New England Patriots,17,24,"January 27th, 2002","January 27th, 2002","January 27th, 2002",Pittsburgh Steelers -10.0,-1,23,22,58,2,24,42,255,0,3,3,7,248,306,2,1,4,3,25,4,14,0,0,29:05,259,0,0,0,0,4,25,-1,15,25,67,0,22,39,217,1,0,4,25,192,259,0,0,0,12,87,6,17,0,1,30:55,306,3,2,1,4,3,7
Carolina Panthers,Arizona Cardinals,7,30,"December 30th, 2001","December 30th, 2001","December 30th, 2001",Carolina Panthers -1.0,-1,20,20,95,0,36,63,223,1,1,0,0,223,318,2,1,2,7,81,7,19,4,7,34:12,331,0,0,0,0,0,0,-1,16,33,158,0,12,24,173,2,0,0,0,173,331,0,0,0,5,30,5,14,0,0,25:48,318,1,2,1,2,0,0
Chicago Bears,Arizona Cardinals,20,13,"October 14th, 2001","October 14th, 2001","October 14th, 2001",Chicago Bears -7.0,-1,13,32,137,1,15,21,116,0,2,0,0,116,253,2,1,3,5,45,4,11,0,0,30:31,288,0,1,1,1,1,10,-1,16,25,82,0,20,37,216,1,0,1,10,206,288,1,1,1,6,50,6,15,0,0,29:29,253,2,2,1,3,0,0
Dallas Cowboys,Arizona Cardinals,17,3,"October 28th, 2001","October 28th, 2001","October 28th, 2001",Arizona Cardinals -3.0,-1,15,34,145,1,9,19,93,0,1,3,13,80,225,1,1,2,5,37,6,13,0,0,29:48,292,2,3,2,4,2,16,-1,17,22,75,0,25,41,233,0,2,2,16,217,292,3,2,4,5,72,4,13,0,3,30:12,225,1,1,1,2,3,13
New York Giants,Arizona Cardinals,17,13,"December 15th, 2001","December 15th, 2001","December 15th, 2001",New York Giants -5.0,-1,15,25,105,0,14,32,147,2,0,1,8,139,244,3,0,0,2,10,4,13,0,1,23:05,285,0,4,1,1,3,10,-1,19,30,88,0,27,45,207,1,0,3,10,197,285,4,1,1,5,40,3,17,3,5,36:55,244,0,3,0,0,1,8
Oakland Raiders,Arizona Cardinals,31,34,"December 2nd, 2001","December 2nd, 2001","December 2nd, 2001",Oakland Raiders -13.0,-1,26,32,135,1,29,45,302,3,2,1,1,301,436,1,1,3,8,76,5,14,2,2,34:03,390,0,1,1,1,1,4,-1,24,34,145,2,22,38,249,1,0,1,4,245,390,1,1,1,4,30,3,12,0,0,33:26,436,2,1,1,3,1,1
Philadelphia Eagles,Arizona Cardinals,20,21,"October 7th, 2001","October 7th, 2001","October 7th, 2001",Philadelphia Eagles -14.5,-1,19,30,179,0,19,29,280,2,1,2,19,261,440,2,1,2,8,58,4,12,0,0,29:05,329,1,3,0,1,1,6,-1,19,28,97,0,18,32,238,2,1,1,6,232,329,3,0,1,5,40,3,12,2,2,30:55,440,1,2,1,2,2,19
San Diego Chargers,Arizona Cardinals,17,20,"November 25th, 2001","November 25th, 2001","November 25th, 2001",San Diego Chargers -7.0,-1,20,23,84,0,33,44,308,2,0,0,0,308,392,2,1,1,6,55,8,14,0,0,34:09,298,2,0,0,2,3,14,-1,18,24,71,1,19,31,241,1,2,3,14,227,298,0,0,2,3,26,5,12,1,1,25:51,392,0,2,1,1,0,0
Washington Redskins,Arizona Cardinals,20,17,"January 6th, 2002","January 6th, 2002","January 6th, 2002",Washington Redskins -3.5,-1,22,49,178,1,14,26,162,1,1,0,0,162,340,3,0,1,3,20,8,17,0,2,40:07,187,1,2,0,1,2,12,-1,10,17,45,1,11,25,154,0,1,2,12,142,187,2,0,1,1,5,0,9,0,1,19:53,340,1,3,0,1,0,0
Arizona Cardinals,Atlanta Falcons,14,34,"September 30th, 2001","September 30th, 2001","September 30th, 2001",Atlanta Falcons -3.0,-1,21,15,90,1,23,35,276,1,3,4,31,245,335,1,1,4,3,30,3,8,0,1,22:20,379,0,2,0,0,2,18,-1,21,34,111,1,20,28,286,3,0,2,18,268,379,2,0,0,9,98,7,14,1,1,37:40,335,3,1,1,4,4,31
Carolina Panthers,Atlanta Falcons,7,10,"November 25th, 2001","November 25th, 2001","November 25th, 2001",Atlanta Falcons -3.0,-1,14,28,96,1,17,31,171,0,2,4,20,151,247,1,0,2,6,30,6,16,0,2,27:26,239,0,1,0,0,4,38,-1,13,33,145,1,14,27,132,0,0,4,38,94,239,1,0,0,4,30,7,17,0,0,32:34,247,2,1,0,2,4,20
Green Bay Packers,Atlanta Falcons,20,23,"November 18th, 2001","November 18th, 2001","November 18th, 2001",Green Bay Packers -10.0,-1,14,19,70,0,16,29,262,2,3,2,19,243,313,2,1,4,3,25,5,11,0,0,23:35,417,2,2,0,2,3,17,-1,25,25,82,0,29,50,352,2,2,3,17,335,417,2,0,2,9,70,5,14,0,1,36:25,313,3,2,1,4,2,19
Indianapolis Colts,Atlanta Falcons,41,27,"December 16th, 2001","December 16th, 2001","December 16th, 2001",Indianapolis Colts -4.0,-1,29,33,187,2,23,35,325,3,1,0,0,325,512,0,0,1,5,63,7,14,0,0,31:10,316,0,3,1,1,6,41,-1,21,19,66,1,24,40,291,2,0,6,41,250,316,3,1,1,7,83,6,15,1,3,28:50,512,1,0,0,1,0,0
Miami Dolphins,Atlanta Falcons,21,14,"December 30th, 2001","December 30th, 2001","December 30th, 2001",Miami Dolphins -7.0,-1,12,20,50,0,16,29,191,2,1,3,15,176,226,2,2,3,5,48,3,12,0,0,23:08,388,3,1,1,4,4,29,-1,21,37,152,1,18,31,265,1,3,4,29,236,388,1,1,4,5,37,6,14,1,3,36:52,226,1,2,2,3,3,15
New Orleans Saints,Atlanta Falcons,13,20,"October 21st, 2001","October 21st, 2001","October 21st, 2001",New Orleans Saints -8.0,-1,16,24,63,0,23,39,249,1,1,5,36,213,276,1,0,1,3,25,7,17,0,1,30:15,297,1,1,1,2,2,12,-1,12,30,124,0,15,21,185,2,1,2,12,173,297,1,1,2,5,34,5,13,0,1,29:45,276,1,1,0,1,5,36
San Francisco 49ers,Atlanta Falcons,16,13,"September 9th, 2001","September 9th, 2001","September 9th, 2001",San Francisco 49ers -3.5,-1,20,28,105,0,26,40,335,1,1,2,11,324,429,0,0,1,6,60,5,13,0,1,33:37,241,0,1,0,0,2,14,-1,13,31,134,1,11,22,121,0,0,2,14,107,241,1,0,0,3,25,5,14,1,1,30:27,429,1,0,0,1,2,11
St. Louis Rams,Atlanta Falcons,31,13,"January 6th, 2002","January 6th, 2002","January 6th, 2002",St. Louis Rams -14.5,-1,23,29,192,1,25,30,280,3,3,2,14,266,458,2,0,3,1,10,4,9,1,1,35:07,255,1,2,2,3,5,17,-1,13,21,96,0,12,30,176,0,1,5,17,159,255,2,2,3,6,35,4,12,0,1,24:53,458,3,2,0,3,2,14
Cincinnati Bengals,Baltimore Ravens,21,10,"September 23rd, 2001","September 23rd, 2001","September 23rd, 2001",Baltimore Ravens -7.0,-1,13,23,67,1,19,30,154,1,0,2,18,136,203,1,1,1,8,46,3,13,0,0,27:22,382,3,3,3,6,2,11,-1,24,20,64,0,34,64,329,1,3,2,11,318,382,3,3,6,7,45,6,17,2,3,32:38,203,0,1,1,1,2,18
Cleveland Browns,Baltimore Ravens,24,14,"October 21st, 2001","October 21st, 2001","October 21st, 2001",Baltimore Ravens -7.5,-1,10,29,88,1,11,18,149,2,0,2,18,131,219,0,0,0,12,78,0,10,1,1,25:57,321,2,2,1,3,7,54,-1,21,27,113,0,27,45,262,1,2,7,54,208,321,2,1,3,6,49,6,15,1,3,34:03,219,0,0,0,0,2,18
Denver Broncos,Baltimore Ravens,13,20,"September 30th, 2001","September 30th, 2001","September 30th, 2001",Denver Broncos -4.5,-1,13,24,61,0,17,33,191,1,2,5,24,167,228,1,1,3,4,52,5,16,0,1,29:42,333,1,1,0,1,0,0,-1,16,34,112,0,17,30,221,2,1,0,0,221,333,1,0,1,7,74,3,14,0,0,30:18,228,2,1,1,3,5,24
Green Bay Packers,Baltimore Ravens,31,23,"October 14th, 2001","October 14th, 2001","October 14th, 2001",Pick,-1,23,24,60,1,27,34,337,3,0,2,6,331,391,2,1,1,6,29,6,12,0,0,32:31,357,2,2,2,4,1,9,-1,22,34,158,2,16,31,208,1,2,1,9,199,357,2,2,4,10,85,7,13,0,0,27:29,391,0,2,1,1,2,6
Jacksonville Jaguars,Baltimore Ravens,21,24,"November 25th, 2001","November 25th, 2001","November 25th, 2001",Baltimore Ravens -3.0,-1,19,19,75,2,23,38,259,1,0,4,29,230,305,1,0,0,9,58,4,12,0,0,26:26,361,1,4,1,2,2,13,-1,24,42,115,2,21,30,259,1,1,2,13,246,361,4,1,2,6,39,8,15,0,0,33:34,305,0,1,0,0,4,29
Pittsburgh Steelers,Baltimore Ravens,10,13,"November 4th, 2001","November 4th, 2001","November 4th, 2001",Pittsburgh Steelers -2.0,-1,21,35,123,0,22,37,236,1,0,2,11,225,348,4,1,1,2,25,5,17,1,1,35:31,183,1,3,0,1,3,16,-1,10,26,41,0,14,22,158,1,1,3,16,142,183,3,0,1,4,25,1,11,0,0,24:29,348,0,4,1,1,2,11
Tampa Bay Buccaneers,Baltimore Ravens,22,10,"December 29th, 2001","December 29th, 2001","December 29th, 2001",Tampa Bay Buccaneers -1.5,-1,13,31,123,2,13,29,90,0,0,0,0,90,213,0,0,0,3,25,2,13,0,0,29:23,257,2,1,1,3,5,38,-1,15,26,90,0,21,37,205,1,2,5,38,167,257,1,1,3,8,65,4,17,0,1,30:37,213,0,0,0,0,0,0
Tennessee Titans,Baltimore Ravens,10,16,"November 12th, 2001","November 12th, 2001","November 12th, 2001",Baltimore Ravens -1.5,-1,20,28,90,0,27,49,256,1,1,6,28,228,318,1,1,2,7,72,11,22,0,2,35:27,238,1,2,1,2,3,20,-1,12,24,77,0,16,28,181,1,1,3,20,161,238,2,1,2,6,60,3,13,0,1,24:33,318,1,1,1,2,6,28
Atlanta Falcons,Buffalo Bills,33,30,"December 23rd, 2001","December 23rd, 2001","December 23rd, 2001",Atlanta Falcons -4.0,-1,22,29,67,1,28,40,431,2,2,1,9,422,489,2,0,2,5,43,9,14,0,0,35:48,398,0,0,0,0,0,0,-1,15,21,190,2,17,31,208,1,0,0,0,208,398,0,0,0,12,95,6,12,0,0,24:12,489,2,2,0,2,1,9
Indianapolis Colts,Buffalo Bills,42,26,"September 23rd, 2001","September 23rd, 2001","September 23rd, 2001",Indianapolis Colts -10.0,-1,28,30,137,2,23,29,421,4,2,1,3,418,555,2,1,3,8,59,6,10,0,0,29:23,374,1,0,0,1,4,28,-1,21,22,145,1,24,37,257,1,1,4,28,229,374,0,0,1,19,133,5,13,1,1,30:37,555,2,2,1,3,1,3
Jacksonville Jaguars,Buffalo Bills,10,13,"October 18th, 2001","October 18th, 2001","October 18th, 2001",Jacksonville Jaguars -9.0,-1,14,21,115,0,16,26,150,1,2,4,18,132,247,2,0,2,3,35,3,10,0,1,24:26,317,0,0,0,0,2,19,-1,19,35,98,0,23,30,238,1,0,2,19,219,317,0,0,0,5,31,6,14,0,0,35:34,247,2,2,0,2,4,18
Miami Dolphins,Buffalo Bills,34,7,"January 6th, 2002","January 6th, 2002","January 6th, 2002",Miami Dolphins -6.5,-1,21,43,202,2,9,16,110,1,0,3,23,87,289,1,0,0,7,56,5,14,0,0,35:44,250,3,2,0,3,2,9,-1,16,17,39,0,18,40,220,1,3,2,9,211,250,2,0,3,5,36,2,13,1,2,24:16,289,0,1,0,0,3,23
New England Patriots,Buffalo Bills,21,11,"November 11th, 2001","November 11th, 2001","November 11th, 2001",New England Patriots -6.0,-1,15,31,134,2,15,21,107,1,1,7,36,71,205,3,2,3,7,75,6,14,0,0,33:02,242,2,1,0,2,5,31,-1,15,21,69,0,16,33,204,1,2,5,31,173,242,1,0,2,9,75,2,12,1,3,26:58,205,1,3,2,3,7,36
New York Jets,Buffalo Bills,9,14,"December 30th, 2001","December 30th, 2001","December 30th, 2001",New York Jets -7.0,-1,19,23,148,0,19,37,227,0,2,0,0,227,375,1,1,3,3,25,3,11,2,2,25:30,368,0,2,1,1,1,9,-1,19,40,192,1,16,27,185,1,0,1,9,176,368,2,1,1,9,53,7,16,1,3,34:30,375,2,1,1,3,0,0
San Diego Chargers,Buffalo Bills,27,24,"October 28th, 2001","October 28th, 2001","October 28th, 2001",San Diego Chargers -7.5,-1,17,20,95,1,21,33,254,1,0,1,11,243,338,0,0,0,7,62,3,11,0,0,29:13,396,1,2,1,2,4,25,-1,22,25,105,2,26,39,316,1,1,4,25,291,396,2,1,2,9,68,5,14,1,1,30:47,338,0,0,0,0,1,11
San Francisco 49ers,Buffalo Bills,35,0,"December 2nd, 2001","December 2nd, 2001","December 2nd, 2001",San Francisco 49ers -8.5,-1,26,43,230,3,19,27,189,2,0,2,10,179,409,1,0,0,1,10,10,15,0,2,39:48,191,4,1,1,5,2,6,-1,11,11,29,0,21,38,168,0,4,2,6,162,191,1,1,5,7,47,2,12,2,4,20:12,409,0,1,0,0,2,10
Atlanta Falcons,Carolina Panthers,24,16,"September 23rd, 2001","September 23rd, 2001","September 23rd, 2001",Atlanta Falcons -3.5,-1,16,28,121,1,13,16,271,2,1,2,15,256,377,2,1,2,1,5,8,11,0,0,27:23,359,0,2,1,1,2,6,-1,18,21,89,1,27,41,276,0,0,2,6,270,359,2,1,1,7,54,11,17,0,0,32:37,377,1,2,1,2,2,15
Buffalo Bills,Carolina Panthers,25,24,"December 9th, 2001","December 9th, 2001","December 9th, 2001",Buffalo Bills -3.5,-1,18,35,102,1,20,29,277,1,1,2,10,267,369,1,0,1,9,125,6,15,0,0,34:45,231,1,2,1,2,0,0,-1,17,27,78,2,15,30,153,1,1,0,0,153,231,2,1,2,5,40,2,9,0,1,25:15,369,1,1,0,1,2,10
Miami Dolphins,Carolina Panthers,23,6,"November 4th, 2001","November 4th, 2001","November 4th, 2001",Miami Dolphins -10.0,-1,17,29,59,0,20,33,287,1,1,1,9,278,337,0,0,1,5,45,5,13,0,1,30:56,281,1,2,0,1,4,21,-1,12,20,103,0,15,33,199,0,1,4,21,178,281,2,0,1,5,44,2,13,0,1,29:04,337,1,0,0,1,1,9
Minnesota Vikings,Carolina Panthers,13,24,"September 9th, 2001","September 9th, 2001","September 9th, 2001",Minnesota Vikings -10.0,-1,19,26,109,1,22,38,236,1,3,1,2,234,343,3,2,5,7,40,4,11,1,1,26:35,291,1,2,1,2,2,23,-1,15,38,91,1,13,22,223,1,1,2,23,200,291,2,1,2,7,57,4,13,0,0,33:25,343,3,3,2,5,1,2
New Orleans Saints,Carolina Panthers,27,23,"December 2nd, 2001","December 2nd, 2001","December 2nd, 2001",New Orleans Saints -10.0,-1,25,34,125,0,26,40,330,3,1,3,23,307,432,2,1,2,10,85,10,19,1,1,37:18,150,1,1,0,1,8,60,-1,11,19,49,2,11,21,161,0,1,8,60,101,150,1,0,1,3,21,3,12,0,0,22:42,432,1,2,1,2,3,23
San Francisco 49ers,Carolina Panthers,24,14,"October 7th, 2001","October 7th, 2001","October 7th, 2001",San Francisco 49ers -6.5,-1,21,35,150,1,17,31,212,2,1,1,9,203,353,1,0,1,8,47,4,12,0,0,31:37,336,3,2,0,3,1,0,-1,17,16,61,0,29,47,275,1,3,1,0,275,336,2,0,3,8,95,5,14,1,2,28:23,353,1,1,0,1,1,9
St. Louis Rams,Carolina Panthers,48,14,"November 11th, 2001","November 11th, 2001","November 11th, 2001",St. Louis Rams -18.0,-1,20,41,337,4,16,22,156,1,3,0,0,156,493,3,1,4,7,48,7,14,1,1,37:04,146,2,1,1,3,1,11,-1,8,19,31,0,15,25,126,1,2,1,11,115,146,1,1,3,4,38,1,11,0,1,22:56,493,3,3,1,4,0,0
Washington Redskins,Carolina Panthers,17,14,"October 21st, 2001","October 21st, 2001","October 21st, 2001",Carolina Panthers -3.5,-1,16,28,98,0,17,30,346,1,1,1,1,345,443,1,1,2,5,50,3,12,0,1,29:13,342,4,0,0,4,1,8,-1,19,25,124,1,24,35,226,1,4,1,8,218,342,0,0,4,7,51,4,12,0,0,32:39,443,1,1,1,2,1,1
Atlanta Falcons,Chicago Bears,3,31,"October 7th, 2001","October 7th, 2001","October 7th, 2001",Atlanta Falcons -3.5,-1,19,25,103,0,19,30,261,0,3,6,29,232,335,3,2,5,6,55,6,12,0,1,33:12,300,2,0,0,2,1,9,-1,15,24,79,1,18,27,230,2,2,1,9,221,300,0,0,2,5,67,4,11,0,0,26:48,335,3,3,2,5,6,29
Baltimore Ravens,Chicago Bears,17,6,"September 9th, 2001","September 9th, 2001","September 9th, 2001",Baltimore Ravens -10.5,-1,19,30,54,1,24,30,262,1,0,0,0,262,316,3,2,2,6,55,4,10,0,1,25:18,189,2,3,0,2,1,5,-1,16,28,56,0,24,39,138,0,2,1,5,133,189,3,0,2,5,56,4,15,1,2,34:42,316,0,3,2,2,0,0
Cincinnati Bengals,Chicago Bears,0,24,"October 21st, 2001","October 21st, 2001","October 21st, 2001",Cincinnati Bengals -1.0,-1,16,21,35,0,19,46,244,0,1,2,15,229,264,1,0,1,2,20,10,19,0,1,27:26,435,0,2,1,1,0,0,-1,21,32,203,1,23,30,232,2,0,0,0,232,435,2,1,1,2,25,5,12,0,0,32:34,264,1,1,0,1,2,15
Detroit Lions,Chicago Bears,0,24,"December 30th, 2001","December 30th, 2001","December 30th, 2001",Chicago Bears -5.5,-1,19,14,64,0,31,52,303,0,3,6,35,268,332,4,2,5,5,50,2,13,1,3,29:05,326,0,0,0,0,1,9,-1,15,30,83,0,17,30,252,2,0,1,9,243,326,0,0,0,7,68,4,14,0,0,30:55,332,3,4,2,5,6,35
Green Bay Packers,Chicago Bears,17,7,"December 9th, 2001","December 9th, 2001","December 9th, 2001",Green Bay Packers -5.5,-1,17,36,167,1,15,27,207,1,1,2,22,185,352,0,0,1,4,39,6,16,0,0,36:20,189,1,1,0,1,0,0,-1,11,19,50,1,18,33,139,0,1,0,0,139,189,1,0,1,2,15,2,12,1,3,23:40,352,1,0,0,1,2,22
Minnesota Vikings,Chicago Bears,6,13,"November 25th, 2001","November 25th, 2001","November 25th, 2001",Minnesota Vikings -3.0,-1,15,23,124,0,26,46,209,0,1,3,17,192,316,2,0,1,11,75,8,19,0,0,34:13,235,0,1,1,1,1,4,-1,11,30,142,1,10,21,97,0,0,1,4,93,235,1,1,1,2,15,3,13,0,0,25:47,316,1,2,0,1,3,17
Tampa Bay Buccaneers,Chicago Bears,24,27,"November 18th, 2001","November 18th, 2001","November 18th, 2001",Tampa Bay Buccaneers -5.0,-1,26,15,19,2,41,57,404,0,2,2,9,395,414,5,2,4,3,39,5,14,1,2,30:43,274,1,2,0,1,3,22,-1,13,29,68,0,14,25,228,3,1,3,22,206,274,2,0,1,7,75,3,14,0,1,29:17,414,2,5,2,4,2,9
Washington Redskins,Chicago Bears,15,20,"December 23rd, 2001","December 23rd, 2001","December 23rd, 2001",Washington Redskins -1.0,-1,18,28,89,1,23,43,236,0,0,6,32,204,293,2,2,2,6,38,6,18,1,3,33:39,237,0,2,1,1,0,0,-1,14,32,112,1,14,27,125,1,0,0,0,125,237,2,1,1,1,6,3,14,2,3,26:21,293,0,2,2,2,6,32
Baltimore Ravens,Cincinnati Bengals,16,0,"December 23rd, 2001","December 23rd, 2001","December 23rd, 2001",Baltimore Ravens -10.5,-1,20,35,157,1,16,30,181,0,0,5,33,148,305,2,1,1,3,40,5,16,0,0,30:11,281,3,2,1,4,3,22,-1,21,30,150,0,16,39,153,0,3,3,22,131,281,2,1,4,6,40,3,14,1,2,29:49,305,0,2,1,1,5,33
Cleveland Browns,Cincinnati Bengals,18,0,"November 25th, 2001","November 25th, 2001","November 25th, 2001",Cleveland Browns -6.0,-1,14,39,78,0,16,27,189,1,2,3,18,171,249,4,1,3,2,25,5,17,1,1,35:15,191,5,4,2,7,3,18,-1,12,24,84,0,13,33,125,0,5,3,18,107,191,4,2,7,5,26,3,14,0,1,24:45,249,2,4,1,3,3,18
Detroit Lions,Cincinnati Bengals,27,31,"October 28th, 2001","October 28th, 2001","October 28th, 2001",Detroit Lions -3.0,-1,17,21,61,1,20,35,239,2,2,4,24,215,276,2,1,3,9,96,5,12,0,0,27:28,412,2,0,0,2,1,16,-1,21,37,224,2,17,27,204,2,2,1,16,188,412,0,0,2,5,50,8,16,0,1,32:32,276,2,2,1,3,4,24
Jacksonville Jaguars,Cincinnati Bengals,30,13,"November 11th, 2001","November 11th, 2001","November 11th, 2001",Jacksonville Jaguars -4.0,-1,21,25,97,2,20,32,189,2,0,3,25,164,261,1,0,0,6,32,3,11,0,0,28:08,352,1,3,0,1,4,24,-1,18,23,73,1,28,48,303,0,1,4,24,279,352,3,0,1,10,107,9,19,0,1,31:52,261,0,1,0,0,3,25
New York Jets,Cincinnati Bengals,15,14,"December 16th, 2001","December 16th, 2001","December 16th, 2001",New York Jets -8.5,-1,17,29,113,0,17,28,196,2,0,0,0,196,309,2,0,0,7,55,8,14,0,0,30:26,248,3,0,0,3,0,0,-1,17,33,120,2,14,23,128,0,3,0,0,128,248,0,0,3,6,65,8,13,1,1,29:34,309,0,2,0,0,0,0
Pittsburgh Steelers,Cincinnati Bengals,16,7,"October 7th, 2001","October 7th, 2001","October 7th, 2001",Pittsburgh Steelers -5.0,-1,19,40,275,1,15,24,151,0,0,2,13,138,413,4,2,2,4,29,5,12,0,2,33:54,214,1,0,0,1,2,15,-1,15,21,65,0,19,34,164,1,1,2,15,149,214,0,0,1,6,35,5,13,0,0,26:06,413,0,4,2,2,2,13
San Diego Chargers,Cincinnati Bengals,28,14,"September 30th, 2001","September 30th, 2001","September 30th, 2001",San Diego Chargers -6.5,-1,16,35,133,3,12,19,133,1,0,2,21,112,245,1,0,0,6,65,5,13,0,0,30:05,237,3,3,1,4,2,9,-1,17,26,111,0,18,32,135,2,3,2,9,126,237,3,1,4,7,61,3,12,0,1,29:55,245,0,1,0,0,2,21
Tennessee Titans,Cincinnati Bengals,21,23,"January 6th, 2002","January 6th, 2002","January 6th, 2002",Tennessee Titans -5.5,-1,16,23,57,1,18,32,307,2,0,3,35,272,329,3,2,2,11,95,5,12,0,1,28:50,436,2,2,1,3,1,4,-1,25,27,100,2,28,48,340,0,2,1,4,336,436,2,1,3,5,90,6,17,1,2,31:10,329,0,3,2,2,3,35
Baltimore Ravens,Cleveland Browns,17,27,"November 18th, 2001","November 18th, 2001","November 18th, 2001",Baltimore Ravens -8.0,-1,19,27,108,0,23,44,261,2,4,2,19,242,350,1,1,5,7,47,6,15,0,3,29:15,232,3,0,0,3,1,7,-1,17,30,95,2,19,30,144,0,3,1,7,137,232,0,0,3,7,50,5,14,1,1,30:45,350,4,1,1,5,2,19
Chicago Bears,Cleveland Browns,27,21,"November 4th, 2001","November 4th, 2001","November 4th, 2001",Chicago Bears -4.5,-1,29,32,99,1,30,50,357,2,3,5,43,314,413,4,1,4,6,55,7,17,1,3,37:40,261,1,0,0,1,3,20,-1,12,23,70,0,14,23,211,2,1,3,20,191,261,0,0,1,9,80,1,10,1,1,25:10,413,3,4,1,4,5,43
Cincinnati Bengals,Cleveland Browns,24,14,"October 14th, 2001","October 14th, 2001","October 14th, 2001",Cincinnati Bengals -1.5,-1,23,42,199,1,20,38,201,1,0,0,0,201,400,2,0,0,10,74,10,20,0,2,36:23,211,0,3,1,1,3,23,-1,15,19,40,0,14,28,194,2,0,3,23,171,211,3,1,1,9,92,2,11,1,1,23:37,400,0,2,0,0,0,0
Green Bay Packers,Cleveland Browns,30,7,"December 23rd, 2001","December 23rd, 2001","December 23rd, 2001",Green Bay Packers -7.5,-1,17,33,222,0,18,28,139,3,0,0,0,139,361,1,1,1,1,5,4,12,0,0,32:23,337,3,2,2,5,4,34,-1,16,26,168,0,22,33,203,1,3,4,34,169,337,2,2,5,3,35,5,13,0,1,27:37,361,0,1,1,1,0,0
Jacksonville Jaguars,Cleveland Browns,14,23,"September 30th, 2001","September 30th, 2001","September 30th, 2001",Jacksonville Jaguars -8.5,-1,14,19,98,0,19,37,170,1,2,2,9,161,259,2,0,2,8,63,4,12,0,1,24:20,321,1,2,2,3,3,23,-1,19,36,95,1,24,34,249,0,1,3,23,226,321,2,2,3,5,47,9,16,0,0,35:40,259,2,2,0,2,2,9
New England Patriots,Cleveland Browns,27,16,"December 9th, 2001","December 9th, 2001","December 9th, 2001",New England Patriots -5.0,-1,18,33,81,2,19,28,218,0,2,3,9,209,290,1,0,2,5,31,4,14,1,2,32:20,277,3,1,1,4,3,17,-1,17,19,50,0,20,39,244,0,3,3,17,227,277,1,1,4,2,21,6,14,0,0,27:40,290,2,1,0,2,3,9
Pittsburgh Steelers,Cleveland Browns,28,7,"January 6th, 2002","January 6th, 2002","January 6th, 2002",Pittsburgh Steelers -7.0,-1,19,36,221,2,14,24,169,1,3,2,14,155,376,4,0,3,7,42,8,15,0,0,34:44,173,2,1,1,3,4,45,-1,12,19,68,1,13,26,150,0,2,4,45,105,173,1,1,3,6,70,1,9,0,1,25:16,376,3,4,0,3,2,14
Tennessee Titans,Cleveland Browns,38,41,"December 30th, 2001","December 30th, 2001","December 30th, 2001",Tennessee Titans -5.0,-1,21,35,188,3,16,26,274,2,1,1,10,264,452,2,1,2,6,50,6,12,0,1,30:44,409,1,0,0,1,3,14,-1,18,29,87,2,20,27,336,3,1,3,14,322,409,0,0,1,3,25,8,14,0,0,29:16,452,1,2,1,2,1,10
Arizona Cardinals,Dallas Cowboys,17,10,"December 23rd, 2001","December 23rd, 2001","December 23rd, 2001",Arizona Cardinals -3.5,-1,11,20,75,1,17,31,144,0,0,1,10,134,209,0,0,0,5,27,3,14,1,1,22:46,343,2,2,1,3,1,7,-1,21,40,174,0,16,29,176,1,2,1,7,169,343,2,1,3,9,65,3,12,0,2,37:14,209,0,0,0,0,1,10
Atlanta Falcons,Dallas Cowboys,20,13,"November 11th, 2001","November 11th, 2001","November 11th, 2001",Atlanta Falcons -6.0,-1,12,33,155,0,7,16,55,2,0,3,9,46,201,2,1,1,2,10,2,11,0,0,26:54,303,1,3,1,2,3,18,-1,15,33,207,0,14,22,114,1,1,3,18,96,303,3,1,2,4,41,5,12,0,1,33:06,201,0,2,1,1,3,9
Detroit Lions,Dallas Cowboys,15,10,"January 6th, 2002","January 6th, 2002","January 6th, 2002",Dallas Cowboys -3.0,-1,20,28,124,0,24,40,242,2,0,0,0,242,366,0,0,0,1,5,7,15,0,0,33:30,264,1,0,0,1,0,0,-1,12,27,106,1,11,26,158,0,1,0,0,158,264,0,0,1,9,99,4,13,0,1,26:30,366,0,0,0,0,0,0
New York Giants,Dallas Cowboys,27,24,"November 4th, 2001","November 4th, 2001","November 4th, 2001",New York Giants -10.5,-1,19,26,93,0,24,34,280,3,2,4,15,265,358,6,3,5,4,43,3,11,0,0,29:38,324,4,0,0,4,4,24,-1,17,32,86,0,17,31,262,1,4,4,24,238,324,0,0,4,5,40,3,15,0,0,37:34,358,2,6,3,5,4,15
Oakland Raiders,Dallas Cowboys,28,21,"October 7th, 2001","October 7th, 2001","October 7th, 2001",Oakland Raiders -18.0,-1,23,34,101,3,21,28,209,1,0,1,2,207,308,2,2,2,8,70,7,11,0,0,31:11,231,0,1,0,0,1,7,-1,17,30,108,1,15,27,130,2,0,1,7,123,231,1,0,0,4,29,2,13,3,5,28:49,308,0,2,2,2,1,2
Philadelphia Eagles,Dallas Cowboys,40,18,"September 30th, 2001","September 30th, 2001","September 30th, 2001",Philadelphia Eagles -13.5,-1,14,30,131,1,14,28,162,3,0,2,17,145,276,5,3,3,10,81,5,15,1,1,30:29,242,1,5,4,5,2,16,-1,11,30,181,0,11,30,77,2,1,2,16,61,242,5,4,5,6,50,2,16,0,1,29:31,276,0,5,3,3,2,17
Seattle Seahawks,Dallas Cowboys,29,3,"December 16th, 2001","December 16th, 2001","December 16th, 2001",Seattle Seahawks -5.5,-1,22,44,173,2,13,26,152,0,0,1,13,139,312,1,0,0,0,0,3,13,2,4,34:42,218,1,3,0,1,4,19,-1,10,21,102,0,14,33,135,0,1,4,19,116,218,3,0,1,6,70,6,16,0,2,25:18,312,0,1,0,0,1,13
Washington Redskins,Dallas Cowboys,14,20,"December 2nd, 2001","December 2nd, 2001","December 2nd, 2001",Washington Redskins -8.5,-1,15,22,81,1,17,32,216,1,1,3,20,196,277,1,0,1,5,36,3,12,2,2,25:33,337,1,0,0,1,2,8,-1,19,45,215,1,7,14,130,1,1,2,8,122,337,0,0,1,7,45,6,14,0,0,34:27,277,1,1,0,1,3,20
Arizona Cardinals,Denver Broncos,17,38,"September 23rd, 2001","September 23rd, 2001","September 23rd, 2001",Denver Broncos -8.5,-1,14,18,84,1,16,28,242,1,1,3,18,224,308,2,2,3,6,79,2,9,1,1,25:57,381,0,2,0,0,1,8,-1,27,37,147,1,22,31,242,3,0,1,8,234,381,2,0,0,4,32,2,12,2,2,34:03,308,1,2,2,3,3,18
Dallas Cowboys,Denver Broncos,24,26,"November 22nd, 2001","November 22nd, 2001","November 22nd, 2001",Denver Broncos -7.0,-1,16,16,27,2,17,33,192,0,0,4,28,164,191,4,2,2,5,34,1,10,0,0,23:26,279,1,0,0,1,1,11,-1,19,39,119,1,17,29,171,1,1,1,11,160,279,0,0,1,6,65,4,14,0,0,36:34,191,0,4,2,2,4,28
Indianapolis Colts,Denver Broncos,29,10,"January 6th, 2002","January 6th, 2002","January 6th, 2002",Indianapolis Colts -2.0,-1,22,35,151,0,16,30,191,2,1,1,7,184,335,0,0,1,3,20,6,14,0,0,32:38,219,4,1,0,4,5,47,-1,17,25,115,0,16,32,151,1,4,5,47,104,219,1,0,4,2,15,5,12,0,0,27:22,335,1,0,0,1,1,7
Kansas City Chiefs,Denver Broncos,26,23,"December 16th, 2001","December 16th, 2001","December 16th, 2001",Denver Broncos -2.5,-1,22,33,137,1,17,21,292,1,1,5,33,259,396,2,2,3,9,68,4,9,0,0,31:48,335,0,4,1,1,2,13,-1,22,34,94,1,23,34,254,1,0,2,13,241,335,4,1,1,8,146,7,16,0,0,37:16,396,1,2,2,3,5,33
Miami Dolphins,Denver Broncos,21,10,"December 2nd, 2001","December 2nd, 2001","December 2nd, 2001",Miami Dolphins -3.0,-1,12,22,42,1,18,28,176,1,0,0,0,176,218,1,1,1,7,70,4,12,0,0,25:16,273,1,3,1,2,1,9,-1,19,32,147,0,18,33,135,1,1,1,9,126,273,3,1,2,5,39,6,14,0,1,34:44,218,0,1,1,1,0,0
Oakland Raiders,Denver Broncos,38,28,"November 5th, 2001","November 5th, 2001","November 5th, 2001",Oakland Raiders -5.5,-1,27,30,114,2,25,34,242,3,0,0,0,242,356,1,1,1,11,93,4,9,1,1,31:03,366,2,1,0,2,4,24,-1,26,23,119,0,26,38,271,3,2,4,24,247,366,1,0,2,7,71,4,11,1,2,28:57,356,0,1,1,1,0,0
San Diego Chargers,Denver Broncos,27,10,"October 21st, 2001","October 21st, 2001","October 21st, 2001",Denver Broncos -2.5,-1,22,32,107,0,21,32,280,2,1,3,8,272,379,2,1,2,5,34,3,10,0,0,33:03,263,2,1,1,3,4,30,-1,19,21,81,0,26,41,212,1,2,4,30,182,263,1,1,3,8,61,6,14,0,0,26:57,379,1,2,1,2,3,8
Seattle Seahawks,Denver Broncos,34,21,"October 14th, 2001","October 14th, 2001","October 14th, 2001",Denver Broncos -6.0,-1,21,40,161,2,12,18,110,0,0,2,17,93,254,1,1,1,8,84,6,12,0,0,31:08,281,3,1,0,3,3,20,-1,20,20,92,0,24,36,209,2,3,3,20,189,281,1,0,3,12,148,6,12,0,0,28:52,254,0,1,1,1,2,17
Arizona Cardinals,Detroit Lions,45,38,"November 18th, 2001","November 18th, 2001","November 18th, 2001",Arizona Cardinals -2.0,-1,23,26,89,1,21,33,334,4,1,2,6,328,417,0,0,1,5,59,4,10,0,0,27:31,478,3,1,0,3,1,7,-1,30,22,49,2,36,62,436,3,3,1,7,429,478,1,0,3,6,69,7,15,2,3,32:29,417,1,0,0,1,2,6
Chicago Bears,Detroit Lions,13,10,"December 2nd, 2001","December 2nd, 2001","December 2nd, 2001",Chicago Bears -7.0,-1,18,34,108,1,17,34,124,0,1,0,0,124,232,0,0,1,5,56,4,14,1,2,30:30,295,0,2,1,1,5,28,-1,17,23,67,1,22,37,256,0,0,5,28,228,295,2,1,1,10,79,7,16,0,0,29:30,232,1,0,0,1,0,0
Cleveland Browns,Detroit Lions,24,14,"September 23rd, 2001","September 23rd, 2001","September 23rd, 2001",Detroit Lions -1.5,-1,17,37,139,0,12,20,138,3,2,3,20,118,257,0,0,2,9,50,2,11,0,0,31:17,271,7,1,0,7,3,23,-1,18,20,82,0,22,42,212,1,7,3,23,189,271,1,0,7,15,115,1,12,1,1,28:43,257,2,0,0,2,3,20
Green Bay Packers,Detroit Lions,28,6,"September 9th, 2001","September 9th, 2001","September 9th, 2001",Green Bay Packers -5.5,-1,20,29,179,2,22,28,260,2,0,3,15,245,424,4,1,1,4,35,4,10,0,1,33:15,288,2,1,1,3,7,44,-1,14,20,56,0,20,39,276,0,2,7,44,232,288,1,1,3,4,57,5,15,0,3,26:45,424,0,4,1,1,3,15
Minnesota Vikings,Detroit Lions,31,26,"October 14th, 2001","October 14th, 2001","October 14th, 2001",Minnesota Vikings -10.0,-1,23,27,145,3,20,27,244,1,1,6,46,198,343,1,0,1,8,70,7,12,1,1,31:09,457,0,1,1,1,4,17,-1,28,20,129,0,31,41,345,3,0,4,17,328,457,1,1,1,8,90,3,9,2,2,28:51,343,1,1,0,1,6,46
Pittsburgh Steelers,Detroit Lions,47,14,"December 23rd, 2001","December 23rd, 2001","December 23rd, 2001",Pittsburgh Steelers -10.0,-1,25,43,215,2,17,26,226,3,0,1,12,214,429,0,0,0,6,60,8,14,1,1,39:18,151,1,3,2,3,6,41,-1,11,18,74,0,12,28,118,2,1,6,41,77,151,3,2,3,2,15,5,13,0,2,20:42,429,0,0,0,0,1,12
San Francisco 49ers,Detroit Lions,21,13,"November 4th, 2001","November 4th, 2001","November 4th, 2001",San Francisco 49ers -8.5,-1,27,35,145,0,26,35,296,3,2,2,14,282,427,3,1,3,6,83,7,13,1,1,38:33,131,0,0,0,0,3,17,-1,12,21,58,0,10,25,90,0,0,3,17,73,131,0,0,0,8,62,3,12,0,1,21:27,427,2,3,1,3,2,14
Tampa Bay Buccaneers,Detroit Lions,15,12,"December 9th, 2001","December 9th, 2001","December 9th, 2001",Tampa Bay Buccaneers -8.0,-1,24,22,81,1,31,54,305,1,2,4,30,275,356,0,0,2,4,59,9,18,2,2,32:53,253,0,1,1,1,3,14,-1,14,24,102,0,11,25,165,0,0,3,14,151,253,1,1,1,4,28,4,13,0,0,27:07,356,2,0,0,2,4,30
Pittsburgh Steelers,Divisional Round - Baltimore Ravens,27,10,"January 20th, 2002","January 20th, 2002","January 20th, 2002",Pittsburgh Steelers -5.5,-1,21,49,154,2,12,22,154,1,1,2,11,143,297,3,0,1,5,50,7,16,0,0,40:45,150,3,1,1,4,3,25,-1,7,11,22,0,18,37,153,0,3,3,25,128,150,1,1,4,9,65,1,12,1,1,19:15,297,1,3,0,1,2,11
St. Louis Rams,Divisional Round - Green Bay Packers,45,17,"January 20th, 2002","January 20th, 2002","January 20th, 2002",St. Louis Rams -11.0,-1,13,22,91,1,18,30,216,2,1,2,15,201,292,0,0,1,4,30,3,12,0,2,27:38,383,6,3,2,8,2,16,-1,19,22,118,0,26,44,281,2,6,2,16,265,383,3,2,8,3,20,5,12,0,1,32:22,292,1,0,0,1,2,15
New England Patriots,Divisional Round - Oakland Raiders,16,13,"January 19th, 2002","January 19th, 2002","January 19th, 2002",New England Patriots -3.0,-1,22,30,68,1,32,52,312,0,1,2,15,297,365,3,0,1,1,15,4,16,1,2,40:05,230,0,0,0,0,1,6,-1,14,30,77,0,17,31,159,1,0,1,6,153,230,0,0,0,4,20,4,15,0,0,28:24,365,1,3,0,1,2,15
Chicago Bears,Divisional Round - Philadelphia Eagles,19,33,"January 19th, 2002","January 19th, 2002","January 19th, 2002",Chicago Bears -3.0,-1,10,23,111,1,11,22,89,0,3,2,16,73,184,1,1,4,1,5,5,14,0,0,23:53,336,1,0,0,1,2,13,-1,19,31,87,1,26,40,262,2,1,2,13,249,336,0,0,1,6,60,4,15,1,2,36:07,184,3,1,1,4,2,16
Carolina Panthers,Green Bay Packers,7,28,"September 30th, 2001","September 30th, 2001","September 30th, 2001",Green Bay Packers -3.5,-1,9,17,36,0,18,30,160,1,1,3,27,133,169,4,2,3,3,35,4,13,0,2,24:27,383,2,2,0,2,0,0,-1,22,31,75,0,25,39,308,3,2,0,0,308,383,2,0,2,6,45,5,14,1,1,35:33,169,1,4,2,3,3,27
Chicago Bears,Green Bay Packers,12,20,"November 11th, 2001","November 11th, 2001","November 11th, 2001",Green Bay Packers -2.5,-1,17,24,47,0,29,48,219,0,0,1,4,215,262,2,1,1,1,15,9,19,1,2,31:57,368,1,1,1,2,1,0,-1,17,23,100,0,19,32,268,2,1,1,0,268,368,1,1,2,7,50,4,11,0,0,28:03,262,0,2,1,1,1,4
Detroit Lions,Green Bay Packers,27,29,"November 22nd, 2001","November 22nd, 2001","November 22nd, 2001",Green Bay Packers -7.0,-1,19,25,167,1,17,39,207,1,1,3,14,193,360,2,1,2,11,117,4,16,4,4,30:11,339,0,3,2,2,2,17,-1,23,27,104,1,18,26,252,2,0,2,17,235,339,3,2,2,8,63,1,7,0,0,29:49,360,1,2,1,2,3,14
Jacksonville Jaguars,Green Bay Packers,21,28,"December 3rd, 2001","December 3rd, 2001","December 3rd, 2001",Green Bay Packers -3.0,-1,20,23,62,0,26,45,311,1,2,5,25,286,348,2,2,4,13,111,5,15,0,1,30:53,389,0,2,1,1,1,10,-1,20,21,37,1,24,42,362,3,0,1,10,352,389,2,1,1,9,81,3,13,0,0,29:07,348,2,2,2,4,5,25
Minnesota Vikings,Green Bay Packers,35,13,"October 21st, 2001","October 21st, 2001","October 21st, 2001",Green Bay Packers -3.0,-1,23,36,200,2,18,27,184,1,0,2,7,177,377,5,2,2,7,54,9,14,0,0,37:18,234,1,2,0,1,1,9,-1,10,15,74,0,21,35,169,2,1,1,9,160,234,2,0,1,5,48,5,13,0,1,22:42,377,0,5,2,2,2,7
New York Giants,Green Bay Packers,25,34,"January 6th, 2002","January 6th, 2002","January 6th, 2002",Green Bay Packers -3.0,-1,25,21,146,2,36,59,386,1,2,1,8,378,524,3,1,3,6,64,9,18,2,2,33:09,413,0,2,1,1,1,7,-1,18,26,105,2,15,30,315,2,0,1,7,308,413,2,1,1,3,15,4,11,0,0,26:51,524,2,3,1,3,1,8
Tampa Bay Buccaneers,Green Bay Packers,14,10,"October 7th, 2001","October 7th, 2001","October 7th, 2001",Tampa Bay Buccaneers -3.0,-1,12,19,99,1,23,29,184,0,0,5,30,154,253,1,1,1,7,60,6,14,0,0,31:49,322,3,0,0,3,1,5,-1,15,22,69,0,20,35,258,1,3,1,5,253,322,0,0,3,4,26,8,14,0,1,28:11,253,0,1,1,1,5,30
Tennessee Titans,Green Bay Packers,26,20,"December 16th, 2001","December 16th, 2001","December 16th, 2001",Green Bay Packers -2.5,-1,23,34,167,1,25,36,283,2,0,4,27,256,423,2,2,2,3,24,9,17,0,1,37:23,223,1,1,1,2,2,7,-1,14,15,31,0,20,38,199,2,1,2,7,192,223,1,1,2,4,30,5,13,0,0,22:37,423,0,2,2,2,4,27
Baltimore Ravens,Indianapolis Colts,39,27,"December 2nd, 2001","December 2nd, 2001","December 2nd, 2001",Baltimore Ravens -7.0,-1,20,31,130,1,23,39,268,2,1,0,0,268,398,3,3,4,5,30,6,15,0,0,30:39,314,1,3,3,4,3,47,-1,16,17,51,0,27,48,310,2,1,3,47,263,314,3,3,4,6,83,5,16,0,0,29:21,398,1,3,3,4,0,0
Buffalo Bills,Indianapolis Colts,14,30,"November 4th, 2001","November 4th, 2001","November 4th, 2001",Indianapolis Colts -3.0,-1,14,21,84,0,17,33,172,1,0,6,24,148,232,2,2,2,4,20,5,14,0,2,22:58,305,0,1,1,1,4,38,-1,17,37,144,2,17,27,199,1,0,4,38,161,305,1,1,1,3,35,9,19,0,0,37:02,232,0,2,2,2,6,24
Kansas City Chiefs,Indianapolis Colts,28,35,"October 25th, 2001","October 25th, 2001","October 25th, 2001",Indianapolis Colts -3.0,-1,25,23,101,0,22,43,324,3,3,3,10,314,415,0,0,3,2,10,5,13,0,0,27:21,373,0,1,1,1,3,22,-1,17,33,194,1,19,30,201,2,0,3,22,179,373,1,1,1,7,54,7,16,0,0,32:39,415,3,0,0,3,3,10
Miami Dolphins,Indianapolis Colts,41,6,"December 10th, 2001","December 10th, 2001","December 10th, 2001",Miami Dolphins -5.0,-1,24,38,183,3,18,26,191,3,0,1,8,183,366,0,0,0,4,40,9,14,2,2,35:08,254,3,1,1,4,1,3,-1,16,18,84,0,19,32,173,0,3,1,3,170,254,1,1,4,2,25,2,8,0,0,24:52,366,0,0,0,0,1,8
New England Patriots,Indianapolis Colts,44,13,"September 30th, 2001","September 30th, 2001","September 30th, 2001",Indianapolis Colts -11.5,-1,19,39,177,3,13,23,168,0,0,1,9,159,336,0,0,0,7,65,7,15,1,1,31:53,322,3,1,1,4,3,13,-1,20,24,82,1,25,43,253,1,3,3,13,240,322,1,1,4,5,60,5,13,2,2,28:07,336,0,0,0,0,1,9
New Orleans Saints,Indianapolis Colts,34,20,"November 18th, 2001","November 18th, 2001","November 18th, 2001",New Orleans Saints -5.5,-1,25,37,157,2,19,22,249,2,0,4,28,221,378,0,0,0,6,51,3,9,0,1,32:50,339,1,0,0,1,0,0,-1,18,23,77,1,18,28,262,1,1,0,0,262,339,0,0,1,6,77,6,12,0,0,27:10,378,0,0,0,0,4,28
New York Jets,Indianapolis Colts,24,45,"September 9th, 2001","September 9th, 2001","September 9th, 2001",Indianapolis Colts -1.5,-1,17,29,138,1,18,31,199,2,0,1,7,192,330,3,2,2,3,30,6,14,0,2,31:10,376,2,1,1,3,1,9,-1,22,30,154,2,22,32,231,2,2,1,9,222,376,1,1,3,2,10,7,13,1,1,28:50,330,0,3,2,2,1,7
St. Louis Rams,Indianapolis Colts,42,17,"December 30th, 2001","December 30th, 2001","December 30th, 2001",St. Louis Rams -13.0,-1,27,29,124,3,23,30,359,3,1,2,0,359,483,1,0,1,4,48,8,10,0,0,32:02,261,1,0,0,1,2,17,-1,17,22,83,2,15,28,195,0,1,2,17,178,261,0,0,1,4,38,4,10,0,0,27:58,483,1,1,0,1,2,0
Baltimore Ravens,Jacksonville Jaguars,18,17,"October 28th, 2001","October 28th, 2001","October 28th, 2001",Baltimore Ravens -7.5,-1,23,32,114,1,23,31,222,1,1,5,31,191,305,2,0,1,4,34,6,13,0,0,33:44,365,0,1,1,1,3,22,-1,19,15,81,0,25,37,306,2,0,3,22,284,365,1,1,1,10,70,3,10,0,2,26:16,305,1,2,0,1,5,31
Chicago Bears,Jacksonville Jaguars,33,13,"January 6th, 2002","January 6th, 2002","January 6th, 2002",Chicago Bears -6.0,-1,19,40,169,2,19,29,159,1,0,1,6,153,322,1,1,1,3,14,6,16,1,2,35:13,237,3,0,0,3,4,43,-1,17,16,91,0,19,36,189,2,3,4,43,146,237,0,0,3,3,14,4,11,0,0,24:47,322,0,1,1,1,1,6
Cincinnati Bengals,Jacksonville Jaguars,10,14,"December 9th, 2001","December 9th, 2001","December 9th, 2001",Cincinnati Bengals -1.0,-1,12,27,60,1,16,30,147,0,1,1,7,140,200,0,0,1,7,54,3,13,1,3,28:54,255,1,1,0,1,8,49,-1,17,25,62,0,23,32,242,2,1,8,49,193,255,1,0,1,7,40,8,16,0,0,31:06,200,1,0,0,1,1,7
Cleveland Browns,Jacksonville Jaguars,10,15,"December 16th, 2001","December 16th, 2001","December 16th, 2001",Cleveland Browns -2.0,-1,11,15,47,0,21,30,184,0,1,3,11,173,220,2,1,2,5,72,3,11,0,3,22:47,282,2,2,1,3,8,48,-1,19,33,128,0,20,35,202,1,2,8,48,154,282,2,1,3,9,85,8,18,2,2,37:13,220,1,2,1,2,3,11
Minnesota Vikings,Jacksonville Jaguars,3,33,"December 23rd, 2001","December 23rd, 2001","December 23rd, 2001",Minnesota Vikings -2.5,-1,16,14,28,0,24,42,218,0,1,4,32,186,214,2,1,2,3,33,4,14,1,1,25:52,423,0,0,0,0,1,8,-1,23,37,214,2,17,24,217,1,0,1,8,209,423,0,0,0,3,34,9,14,0,0,34:08,214,1,2,1,2,4,32
Pittsburgh Steelers,Jacksonville Jaguars,20,7,"November 18th, 2001","November 18th, 2001","November 18th, 2001",Pittsburgh Steelers -5.5,-1,20,34,145,1,21,33,266,1,0,2,9,257,402,0,0,0,9,65,6,15,0,0,34:51,234,0,4,3,3,5,39,-1,14,16,48,0,17,31,225,0,0,5,39,186,234,4,3,3,7,35,3,11,0,0,25:09,402,0,0,0,0,2,9
Seattle Seahawks,Jacksonville Jaguars,24,15,"October 7th, 2001","October 7th, 2001","October 7th, 2001",Jacksonville Jaguars -3.5,-1,21,36,185,2,15,23,219,1,1,2,9,210,395,1,1,2,7,60,4,12,0,0,33:06,256,0,3,2,2,3,34,-1,18,21,57,0,21,39,233,1,0,3,34,199,256,3,2,2,4,24,4,14,0,2,26:54,395,1,1,1,2,2,9
Tennessee Titans,Jacksonville Jaguars,28,24,"November 4th, 2001","November 4th, 2001","November 4th, 2001",Tennessee Titans -3.0,-1,27,33,146,2,27,34,241,2,0,4,25,216,362,0,0,0,8,48,9,15,0,0,37:48,309,1,2,0,1,5,22,-1,20,17,70,2,21,32,261,1,1,5,22,239,309,2,0,1,3,14,3,9,1,1,22:12,362,0,0,0,0,4,25
Arizona Cardinals,Kansas City Chiefs,24,16,"October 21st, 2001","October 21st, 2001","October 21st, 2001",Kansas City Chiefs -2.0,-1,20,37,135,2,16,25,228,1,0,0,0,228,363,2,2,2,6,50,9,16,1,1,32:56,459,2,1,0,2,1,12,-1,20,20,119,0,21,44,352,1,2,1,12,340,459,1,0,2,10,107,5,14,0,2,27:04,363,0,2,2,2,0,0
Denver Broncos,Kansas City Chiefs,20,6,"October 7th, 2001","October 7th, 2001","October 7th, 2001",Denver Broncos -10.0,-1,15,39,197,1,11,20,121,1,1,2,18,103,300,0,0,1,8,53,7,15,0,0,31:12,297,4,0,0,4,4,28,-1,16,17,42,0,25,40,283,0,4,4,28,255,297,0,0,4,2,15,3,11,0,1,28:48,300,1,0,0,1,2,18
Jacksonville Jaguars,Kansas City Chiefs,26,30,"December 30th, 2001","December 30th, 2001","December 30th, 2001",Jacksonville Jaguars -4.5,-1,22,26,182,2,22,37,283,1,1,4,34,249,431,2,2,3,5,44,3,11,0,1,27:20,365,2,4,2,4,2,21,-1,23,31,92,1,26,35,294,2,2,2,21,273,365,4,2,4,5,55,4,11,0,1,32:40,431,1,2,2,3,4,34
New York Jets,Kansas City Chiefs,27,7,"November 11th, 2001","November 11th, 2001","November 11th, 2001",New York Jets -4.5,-1,22,37,174,3,18,28,179,0,1,0,0,179,353,1,1,2,0,0,4,12,2,2,33:08,224,3,3,1,4,3,19,-1,16,26,100,0,16,31,143,1,3,3,19,124,224,3,1,4,3,25,5,13,0,1,26:52,353,1,1,1,2,0,0
Oakland Raiders,Kansas City Chiefs,28,26,"December 9th, 2001","December 9th, 2001","December 9th, 2001",Oakland Raiders -9.0,-1,16,26,79,2,18,24,195,1,1,2,10,185,264,5,4,5,5,34,2,10,0,0,27:00,447,1,0,0,1,3,10,-1,23,36,204,1,15,32,253,2,1,3,10,243,447,0,0,1,6,50,2,12,0,2,33:00,264,1,5,4,5,2,10
San Diego Chargers,Kansas City Chiefs,20,25,"November 4th, 2001","November 4th, 2001","November 4th, 2001",San Diego Chargers -5.5,-1,22,20,66,1,21,43,282,1,1,3,23,259,325,2,0,1,4,20,4,14,1,1,28:19,378,1,0,0,1,2,16,-1,21,39,208,3,14,26,186,0,1,2,16,170,378,0,0,1,6,61,4,13,1,1,31:41,325,1,2,0,1,3,23
Seattle Seahawks,Kansas City Chiefs,21,18,"January 6th, 2002","January 6th, 2002","January 6th, 2002",Seattle Seahawks -3.5,-1,20,33,150,1,22,39,248,2,2,1,9,239,389,1,0,2,4,30,8,16,0,1,32:41,308,1,1,0,1,3,2,-1,18,28,126,1,15,33,184,1,1,3,2,182,308,1,0,1,2,15,4,14,1,2,27:19,389,2,1,0,2,1,9
Washington Redskins,Kansas City Chiefs,13,45,"September 30th, 2001","September 30th, 2001","September 30th, 2001",Kansas City Chiefs -3.0,-1,11,20,111,0,11,27,116,1,1,1,9,107,218,0,0,1,4,25,3,12,0,1,24:48,546,0,1,0,0,1,1,-1,29,38,200,3,24,30,347,3,0,1,1,346,546,1,0,0,7,78,8,13,0,1,35:12,218,1,0,0,1,1,9
Buffalo Bills,Miami Dolphins,27,34,"November 25th, 2001","November 25th, 2001","November 25th, 2001",Miami Dolphins -5.0,-1,21,26,127,1,21,34,309,3,1,4,14,295,422,3,2,3,10,71,6,14,1,1,28:15,362,0,2,1,1,2,16,-1,19,30,101,1,19,32,277,3,0,2,16,261,362,2,1,1,8,62,5,15,2,2,31:45,422,1,3,2,3,4,14
Indianapolis Colts,Miami Dolphins,24,27,"November 11th, 2001","November 11th, 2001","November 11th, 2001",Indianapolis Colts -3.0,-1,19,25,65,0,20,33,253,3,2,3,29,224,289,2,1,3,5,25,4,12,0,1,31:00,375,2,1,1,3,1,18,-1,14,28,134,1,17,30,259,2,2,1,18,241,375,1,1,3,9,65,5,14,1,1,29:00,289,2,2,1,3,3,29
New England Patriots,Miami Dolphins,20,13,"December 22nd, 2001","December 22nd, 2001","December 22nd, 2001",New England Patriots -3.0,-1,20,44,196,1,12,20,131,1,0,3,14,117,313,1,0,0,7,75,5,14,0,1,36:45,368,0,3,3,3,2,10,-1,19,19,58,0,21,37,320,1,0,2,10,310,368,3,3,3,9,67,3,11,1,3,23:15,313,0,1,0,0,3,14
New York Jets,Miami Dolphins,21,17,"October 14th, 2001","October 14th, 2001","October 14th, 2001",Miami Dolphins -3.0,-1,19,25,128,1,15,22,168,2,0,3,28,140,268,1,0,0,3,30,4,10,0,0,26:10,348,2,2,2,4,2,8,-1,19,29,115,1,24,35,241,1,2,2,8,233,348,2,2,4,6,72,11,17,1,1,33:50,268,0,1,0,0,3,28
San Francisco 49ers,Miami Dolphins,21,0,"December 16th, 2001","December 16th, 2001","December 16th, 2001",San Francisco 49ers -3.5,-1,21,50,152,2,14,20,133,1,0,0,0,133,285,2,0,0,2,10,7,14,1,2,39:12,174,3,2,1,4,6,42,-1,12,15,67,0,16,28,149,0,3,6,42,107,174,2,1,4,4,27,4,12,0,0,20:48,285,0,2,0,0,0,0
Seattle Seahawks,Miami Dolphins,20,24,"October 28th, 2001","October 28th, 2001","October 28th, 2001",Miami Dolphins -2.5,-1,18,30,96,0,16,28,230,2,0,4,24,206,302,3,2,2,5,40,6,14,1,1,31:05,289,2,3,2,4,0,0,-1,15,34,76,1,15,21,213,1,2,0,0,213,289,3,2,4,9,57,8,12,0,0,28:55,302,0,3,2,2,4,24
St. Louis Rams,Miami Dolphins,42,10,"September 30th, 2001","September 30th, 2001","September 30th, 2001",St. Louis Rams -6.0,-1,27,27,123,2,24,31,328,4,0,1,10,318,441,1,0,0,9,59,7,11,1,1,31:52,253,2,3,2,4,2,15,-1,15,25,64,0,19,27,204,1,2,2,15,189,253,3,2,4,5,30,4,10,0,1,28:08,441,0,1,0,0,1,10
Tennessee Titans,Miami Dolphins,23,31,"September 9th, 2001","September 9th, 2001","September 9th, 2001",Tennessee Titans -6.5,-1,19,25,105,0,16,40,228,2,3,2,18,210,315,0,0,3,12,77,4,14,0,0,28:53,307,0,2,2,2,0,0,-1,11,33,82,1,12,20,225,2,0,0,0,225,307,2,2,2,9,128,5,14,0,0,31:07,315,3,0,0,3,2,18
Baltimore Ravens,Minnesota Vikings,19,3,"January 7th, 2002","January 7th, 2002","January 7th, 2002",Baltimore Ravens -10.0,-1,16,42,212,0,10,27,160,0,0,2,21,139,351,1,0,0,2,15,5,17,0,1,33:41,179,2,3,2,4,5,22,-1,10,21,86,0,14,30,115,0,2,5,22,93,179,3,2,4,4,42,3,14,1,1,26:19,351,0,1,0,0,2,21
Chicago Bears,Minnesota Vikings,17,10,"September 23rd, 2001","September 23rd, 2001","September 23rd, 2001",Minnesota Vikings -3.0,-1,15,19,47,0,23,38,237,2,1,0,0,237,284,0,0,1,7,78,4,12,0,0,30:01,319,0,5,2,2,3,18,-1,19,25,104,0,24,37,233,1,0,3,18,215,319,5,2,2,6,50,4,14,0,3,29:59,284,1,0,0,1,0,0
Detroit Lions,Minnesota Vikings,27,24,"December 16th, 2001","December 16th, 2001","December 16th, 2001",Minnesota Vikings -3.0,-1,19,35,167,2,15,28,241,0,0,6,39,202,369,1,1,1,13,123,8,17,0,0,33:29,314,2,2,0,2,2,9,-1,16,17,80,0,18,38,243,2,2,2,9,234,314,2,0,2,6,40,7,15,0,1,26:31,369,0,1,1,1,6,39
Green Bay Packers,Minnesota Vikings,24,13,"December 30th, 2001","December 30th, 2001","December 30th, 2001",Green Bay Packers -12.0,-1,13,20,56,2,18,29,169,0,0,2,12,157,213,2,1,1,6,60,2,11,0,0,27:51,302,3,1,0,3,1,11,-1,19,44,199,0,11,30,114,1,3,1,11,103,302,1,0,3,8,43,8,18,0,1,32:09,213,0,2,1,1,2,12
New Orleans Saints,Minnesota Vikings,28,15,"October 7th, 2001","October 7th, 2001","October 7th, 2001",New Orleans Saints -3.5,-1,20,37,160,1,15,30,210,0,1,0,0,210,370,1,0,1,8,65,8,16,0,0,34:15,340,1,3,2,3,6,26,-1,16,11,34,0,23,34,332,2,1,6,26,306,340,3,2,3,12,116,1,8,0,1,25:45,370,1,1,0,1,0,0
Philadelphia Eagles,Minnesota Vikings,48,17,"November 11th, 2001","November 11th, 2001","November 11th, 2001",Philadelphia Eagles -4.5,-1,33,35,272,3,19,29,223,3,0,1,8,215,487,1,1,1,2,8,4,8,0,0,31:43,301,1,4,3,4,6,40,-1,16,21,56,0,21,35,285,2,1,6,40,245,301,4,3,4,7,51,5,14,2,3,28:17,487,0,1,1,1,1,8
Pittsburgh Steelers,Minnesota Vikings,21,16,"December 2nd, 2001","December 2nd, 2001","December 2nd, 2001",Pittsburgh Steelers -7.0,-1,21,46,207,3,13,19,157,0,1,0,0,157,364,2,1,2,3,30,8,15,1,1,37:49,385,2,1,1,3,0,0,-1,12,16,45,0,23,32,340,2,2,0,0,340,385,1,1,3,5,36,5,12,0,1,22:11,364,1,2,1,2,0,0
Tampa Bay Buccaneers,Minnesota Vikings,41,14,"October 28th, 2001","October 28th, 2001","October 28th, 2001",Tampa Bay Buccaneers -3.0,-1,26,43,177,3,20,28,276,2,0,1,7,269,446,2,1,1,5,56,8,14,1,2,38:04,195,1,2,0,1,4,24,-1,11,18,65,1,14,26,154,1,1,4,24,130,195,2,0,1,5,40,3,12,0,2,21:56,446,0,2,1,1,1,7
Atlanta Falcons,New England Patriots,10,24,"November 4th, 2001","November 4th, 2001","November 4th, 2001",Atlanta Falcons -3.0,-1,11,19,140,0,10,29,151,1,1,9,47,104,244,0,0,1,7,55,3,14,0,2,26:22,371,0,3,2,2,3,14,-1,21,34,135,0,21,31,250,3,0,3,14,236,371,3,2,2,7,60,7,15,1,1,33:38,244,1,0,0,1,9,47
Buffalo Bills,New England Patriots,9,12,"December 16th, 2001","December 16th, 2001","December 16th, 2001",New England Patriots -4.0,-1,19,28,98,0,22,44,219,0,1,1,7,212,310,2,0,1,4,30,3,15,0,0,32:57,335,1,2,1,2,5,31,-1,17,27,129,0,19,35,237,0,1,5,31,206,335,2,1,2,7,60,7,17,0,0,32:48,310,1,2,0,1,1,7
Carolina Panthers,New England Patriots,6,38,"January 6th, 2002","January 6th, 2002","January 6th, 2002",New England Patriots -6.5,-1,18,26,193,0,15,36,144,0,3,3,15,129,322,4,3,6,4,37,4,13,0,2,26:39,298,2,2,1,3,1,2,-1,16,36,102,1,17,29,198,1,2,1,2,196,298,2,1,3,6,70,6,15,1,2,33:21,322,3,4,3,6,3,15
Cincinnati Bengals,New England Patriots,23,17,"September 9th, 2001","September 9th, 2001","September 9th, 2001",Pick,-1,18,33,157,1,18,27,204,1,0,1,8,196,353,2,1,1,3,20,4,13,1,1,30:57,292,0,0,0,0,4,17,-1,16,21,68,0,22,38,241,2,0,4,17,224,292,0,0,0,3,15,5,15,1,3,29:03,353,0,2,1,1,1,8
Denver Broncos,New England Patriots,31,20,"October 28th, 2001","October 28th, 2001","October 28th, 2001",Denver Broncos -7.0,-1,18,29,86,1,19,30,283,2,2,2,14,269,355,0,0,2,6,66,6,13,0,0,29:09,300,5,3,0,5,2,20,-1,21,24,117,0,25,39,203,2,5,2,20,183,300,3,0,5,7,53,6,14,0,1,30:51,355,2,0,0,2,2,14
Indianapolis Colts,New England Patriots,17,38,"October 21st, 2001","October 21st, 2001","October 21st, 2001",Indianapolis Colts -10.5,-1,28,34,179,0,22,34,335,1,0,4,30,305,484,3,2,2,4,53,6,13,0,0,33:25,385,0,0,0,0,0,0,-1,19,30,123,1,17,21,262,4,0,0,0,262,385,0,0,0,4,35,5,10,0,1,26:35,484,0,3,2,2,4,30
Miami Dolphins,New England Patriots,30,10,"October 7th, 2001","October 7th, 2001","October 7th, 2001",Miami Dolphins -9.5,-1,19,44,209,1,11,21,87,1,1,0,0,87,296,0,0,1,11,86,8,15,0,0,36:21,149,0,3,3,3,4,17,-1,12,23,80,1,12,24,86,0,0,4,17,69,149,3,3,3,3,20,4,11,0,1,23:39,296,1,0,0,1,0,0
New York Jets,New England Patriots,16,17,"December 2nd, 2001","December 2nd, 2001","December 2nd, 2001",New York Jets -3.0,-1,18,28,131,0,18,32,172,1,2,3,15,157,288,1,0,2,2,5,7,15,0,1,32:57,264,0,1,0,0,3,22,-1,14,23,73,2,20,28,213,0,0,3,22,191,264,1,0,0,4,28,5,12,0,0,27:03,288,2,1,0,2,3,15
Atlanta Falcons,New Orleans Saints,10,28,"December 9th, 2001","December 9th, 2001","December 9th, 2001",New Orleans Saints -3.0,-1,20,21,50,1,18,32,233,0,1,9,53,180,230,3,1,2,10,83,2,11,0,1,33:21,379,0,2,2,2,3,26,-1,19,21,114,2,21,31,291,2,0,3,26,265,379,2,2,2,10,67,6,12,0,0,26:39,230,1,3,1,2,9,53
Buffalo Bills,New Orleans Saints,6,24,"September 9th, 2001","September 9th, 2001","September 9th, 2001",New Orleans Saints -1.5,-1,12,28,125,0,16,28,160,0,3,5,34,126,251,0,0,3,4,35,5,15,0,3,32:27,301,0,4,0,0,2,17,-1,17,26,109,0,18,30,209,3,0,2,17,192,301,4,0,0,4,35,6,13,0,1,27:33,251,3,0,0,3,5,34
Carolina Panthers,New Orleans Saints,25,27,"October 14th, 2001","October 14th, 2001","October 14th, 2001",New Orleans Saints -5.0,-1,13,20,34,0,21,39,196,2,1,1,12,184,218,5,2,3,4,19,5,14,0,1,28:14,358,1,5,2,3,2,20,-1,21,39,198,1,14,40,180,2,1,2,20,160,358,5,2,3,6,55,6,19,1,1,31:46,218,1,5,2,3,1,12
New England Patriots,New Orleans Saints,34,17,"November 25th, 2001","November 25th, 2001","November 25th, 2001",Pick,-1,26,38,191,1,19,26,258,4,0,4,17,241,432,2,0,0,6,64,8,13,0,0,35:47,428,2,1,0,2,1,0,-1,23,22,121,1,16,39,307,1,2,1,0,307,428,1,0,2,5,86,6,14,0,1,24:13,432,0,2,0,0,4,17
New York Giants,New Orleans Saints,21,13,"September 30th, 2001","September 30th, 2001","September 30th, 2001",New York Giants -3.0,-1,13,28,153,2,9,18,135,1,0,5,35,100,253,2,1,1,11,100,4,13,0,0,27:31,330,1,4,0,1,4,35,-1,20,22,74,0,28,54,291,1,1,4,35,256,330,4,0,1,14,92,6,19,2,2,32:29,253,0,2,1,1,5,35
San Francisco 49ers,New Orleans Saints,28,27,"November 11th, 2001","November 11th, 2001","November 11th, 2001",San Francisco 49ers -3.0,-1,21,26,164,0,21,34,252,4,0,1,1,251,415,0,0,0,5,55,5,12,0,0,28:46,488,0,1,1,1,1,11,-1,24,32,152,0,22,37,347,2,0,1,11,336,488,1,1,1,8,65,4,11,0,1,31:14,415,0,0,0,0,1,1
St. Louis Rams,New Orleans Saints,31,34,"October 28th, 2001","October 28th, 2001","October 28th, 2001",St. Louis Rams -12.0,-1,25,16,48,2,30,48,436,2,4,2,10,426,474,5,4,8,8,58,4,10,1,1,30:15,320,0,5,2,2,4,16,-1,15,26,82,0,20,31,254,3,0,4,16,238,320,5,2,2,7,81,2,13,0,1,29:45,474,4,5,4,8,2,10
Tampa Bay Buccaneers,New Orleans Saints,48,21,"December 23rd, 2001","December 23rd, 2001","December 23rd, 2001",Tampa Bay Buccaneers -2.5,-1,23,39,157,1,16,31,207,3,0,0,0,207,364,0,0,0,5,40,5,13,1,1,36:13,271,4,0,0,4,3,18,-1,16,13,41,0,21,38,248,3,4,3,18,230,271,0,0,4,3,23,4,12,0,0,23:47,364,0,0,0,0,0,0
Arizona Cardinals,New York Giants,10,17,"November 11th, 2001","November 11th, 2001","November 11th, 2001",New York Giants -5.5,-1,12,25,78,0,13,26,172,1,1,2,37,135,213,4,2,3,4,24,3,12,1,2,26:11,334,1,2,0,1,2,7,-1,20,41,186,1,15,24,155,1,1,2,7,148,334,2,0,1,4,36,5,14,1,2,33:49,213,1,4,2,3,2,37
Dallas Cowboys,New York Giants,20,13,"December 9th, 2001","December 9th, 2001","December 9th, 2001",New York Giants -3.5,-1,14,36,104,1,17,26,194,1,0,2,9,185,289,0,0,0,6,45,6,16,0,1,34:57,245,1,3,1,2,1,2,-1,12,24,125,0,13,26,122,1,1,1,2,120,245,3,1,2,2,15,2,12,0,1,25:03,289,0,0,0,0,2,9
Denver Broncos,New York Giants,31,20,"September 10th, 2001","September 10th, 2001","September 10th, 2001",Denver Broncos -7.0,-1,25,36,143,1,21,29,330,3,0,0,0,330,473,1,0,0,6,36,3,11,0,1,34:39,308,0,1,0,0,3,13,-1,17,19,63,0,19,34,258,3,0,3,13,245,308,1,0,0,7,35,6,14,0,0,25:21,473,0,1,0,0,0,0
Kansas City Chiefs,New York Giants,3,13,"September 23rd, 2001","September 23rd, 2001","September 23rd, 2001",Kansas City Chiefs -1.5,-1,11,20,88,0,17,34,184,0,1,1,6,178,266,0,0,1,2,10,5,14,0,1,27:30,299,3,1,0,3,1,7,-1,20,31,98,1,20,34,208,0,3,1,7,201,299,1,0,3,2,15,6,14,1,1,32:30,266,1,0,0,1,1,6
Minnesota Vikings,New York Giants,28,16,"November 19th, 2001","November 19th, 2001","November 19th, 2001",Minnesota Vikings -2.0,-1,24,28,96,0,26,38,277,4,2,3,14,263,359,1,1,3,9,75,7,13,2,2,35:00,358,2,4,0,2,4,24,-1,18,15,61,1,21,37,321,0,2,4,24,297,358,4,0,2,15,150,2,10,1,1,25:00,359,2,1,1,3,3,14
Philadelphia Eagles,New York Giants,24,21,"December 30th, 2001","December 30th, 2001","December 30th, 2001",Philadelphia Eagles -5.0,-1,21,23,120,0,21,39,270,3,1,4,29,241,361,2,1,2,3,25,5,13,0,0,29:40,420,0,2,1,1,2,12,-1,18,26,129,1,22,39,303,1,0,2,12,291,420,2,1,1,6,73,3,13,0,0,30:20,361,1,2,1,2,4,29
St. Louis Rams,New York Giants,15,14,"October 14th, 2001","October 14th, 2001","October 14th, 2001",St. Louis Rams -10.5,-1,19,16,41,1,28,46,316,0,1,6,42,274,315,3,3,4,12,89,5,16,1,1,31:39,324,2,0,0,2,3,15,-1,16,24,97,1,17,32,242,1,2,3,15,227,324,0,0,2,12,125,5,14,0,0,28:21,315,1,3,3,4,6,42
Washington Redskins,New York Giants,35,21,"October 28th, 2001","October 28th, 2001","October 28th, 2001",New York Giants -7.5,-1,17,35,157,0,12,20,221,3,0,4,25,196,353,0,0,0,11,76,5,14,1,1,30:03,388,1,4,1,2,1,0,-1,25,19,42,0,32,52,346,3,1,1,0,346,388,4,1,2,5,43,4,11,0,1,29:57,353,0,0,0,0,4,25
Buffalo Bills,New York Jets,36,42,"October 7th, 2001","October 7th, 2001","October 7th, 2001",New York Jets -4.5,-1,26,32,162,1,26,45,325,4,2,2,14,311,473,4,3,5,7,55,7,15,3,3,31:19,335,0,2,0,0,0,0,-1,21,32,162,2,15,25,173,2,0,0,0,173,335,2,0,0,6,56,4,10,0,0,28:41,473,2,4,3,5,2,14
Carolina Panthers,New York Jets,12,13,"October 28th, 2001","October 28th, 2001","October 28th, 2001",New York Jets -2.5,-1,7,21,92,0,12,34,76,0,1,1,6,70,162,0,0,1,5,55,2,15,0,1,23:23,358,3,2,1,4,2,9,-1,17,34,186,0,21,34,181,0,3,2,9,172,358,2,1,4,3,15,5,15,0,0,36:37,162,1,0,0,1,1,6
Indianapolis Colts,New York Jets,28,29,"December 23rd, 2001","December 23rd, 2001","December 23rd, 2001",Indianapolis Colts -1.0,-1,18,18,133,1,26,36,267,2,0,2,7,260,393,2,2,2,2,10,3,10,1,2,25:06,451,2,1,0,2,0,0,-1,26,31,166,0,28,48,285,2,2,0,0,285,451,1,0,2,2,15,7,16,1,1,34:54,393,0,2,2,2,2,7
Miami Dolphins,New York Jets,0,24,"November 18th, 2001","November 18th, 2001","November 18th, 2001",Miami Dolphins -5.5,-1,15,30,78,0,24,36,188,0,3,3,12,176,254,3,2,5,4,21,5,14,1,2,34:30,162,0,1,0,0,0,0,-1,11,28,86,0,10,21,76,1,0,0,0,76,162,1,0,0,1,10,3,13,0,0,25:30,254,3,3,2,5,3,12
New England Patriots,New York Jets,3,10,"September 23rd, 2001","September 23rd, 2001","September 23rd, 2001",New York Jets -1.5,-1,15,26,107,0,23,38,205,0,2,1,4,201,308,4,2,4,9,85,4,15,0,1,30:52,238,0,0,0,0,2,10,-1,14,27,111,1,16,28,137,0,0,2,10,127,238,0,0,0,6,49,4,14,0,0,29:08,308,2,4,2,4,1,4
New Orleans Saints,New York Jets,9,16,"November 4th, 2001","November 4th, 2001","November 4th, 2001",New Orleans Saints -6.5,-1,13,27,108,1,12,29,164,0,2,6,26,138,246,2,2,4,8,65,7,16,0,1,26:21,272,1,2,1,2,2,15,-1,12,34,142,0,13,22,145,1,1,2,15,130,272,2,1,2,6,56,6,13,0,1,33:39,246,2,2,2,4,6,26
Oakland Raiders,New York Jets,22,24,"January 6th, 2002","January 6th, 2002","January 6th, 2002",Oakland Raiders -4.5,-1,17,30,119,1,23,38,224,1,0,1,6,218,337,0,0,0,5,35,5,16,0,1,33:42,302,2,2,1,3,3,22,-1,14,22,94,1,18,29,230,1,2,3,22,208,302,2,1,3,7,60,6,13,0,0,26:18,337,0,0,0,0,1,6
Pittsburgh Steelers,New York Jets,18,7,"December 9th, 2001","December 9th, 2001","December 9th, 2001",Pittsburgh Steelers -3.5,-1,23,39,134,1,20,36,214,0,0,1,3,211,345,1,0,0,4,40,11,18,0,0,36:53,220,0,1,0,0,0,0,-1,14,19,61,0,16,27,159,1,0,0,0,159,220,1,0,0,3,30,3,10,0,1,23:07,345,0,1,0,0,1,3
St. Louis Rams,NFC Championship - Philadelphia Eagles,29,24,"January 27th, 2002","January 27th, 2002","January 27th, 2002",St. Louis Rams -11.0,-1,22,33,161,2,22,33,212,1,0,1,2,210,371,2,0,0,6,38,7,15,0,1,35:30,256,1,1,1,2,3,25,-1,16,22,110,2,18,30,171,1,1,3,25,146,256,1,1,2,2,15,5,12,1,2,24:30,371,0,2,0,0,1,2
Denver Broncos,Oakland Raiders,23,17,"December 30th, 2001","December 30th, 2001","December 30th, 2001",Denver Broncos -1.0,-1,15,25,106,1,19,26,142,1,0,4,17,125,231,0,0,0,2,11,4,12,0,0,29:30,334,2,1,1,3,3,30,-1,24,16,51,0,35,49,313,2,2,3,30,283,334,1,1,3,8,62,2,12,1,3,30:30,231,0,0,0,0,4,17
Indianapolis Colts,Oakland Raiders,18,23,"October 14th, 2001","October 14th, 2001","October 14th, 2001",Indianapolis Colts -3.5,-1,26,27,118,0,26,41,241,2,2,1,7,234,352,0,0,2,7,38,4,12,0,0,31:08,317,0,1,1,1,3,27,-1,18,30,101,1,18,32,243,0,0,3,27,216,317,1,1,1,10,61,6,14,0,0,28:52,352,2,0,0,2,1,7
Kansas City Chiefs,Oakland Raiders,24,27,"September 9th, 2001","September 9th, 2001","September 9th, 2001",Oakland Raiders -3.0,-1,16,17,35,1,16,37,222,1,1,1,3,219,254,2,2,3,4,25,2,12,1,1,22:03,427,1,2,2,3,2,14,-1,23,28,100,0,31,46,341,2,1,2,14,327,427,2,2,3,10,106,8,17,0,0,37:57,254,1,2,2,3,1,3
Miami Dolphins,Oakland Raiders,18,15,"September 23rd, 2001","September 23rd, 2001","September 23rd, 2001",Miami Dolphins -1.5,-1,19,34,144,2,16,34,217,0,2,1,2,215,359,1,0,2,5,40,5,16,1,1,33:10,216,0,1,0,0,1,5,-1,12,26,96,0,14,25,125,0,0,1,5,120,216,1,0,0,3,25,2,12,0,0,26:50,359,2,1,0,2,1,2
New York Giants,Oakland Raiders,10,28,"November 25th, 2001","November 25th, 2001","November 25th, 2001",Oakland Raiders -2.5,-1,18,27,153,1,19,38,184,0,0,3,24,160,313,2,0,0,5,40,6,15,0,2,31:03,339,0,1,0,0,1,1,-1,15,32,119,1,13,20,221,3,0,1,1,220,339,1,0,0,4,30,5,11,0,1,28:57,313,0,2,0,0,3,24
Philadelphia Eagles,Oakland Raiders,10,20,"October 28th, 2001","October 28th, 2001","October 28th, 2001",Philadelphia Eagles -1.0,-1,11,16,78,1,12,27,133,0,0,4,16,117,195,1,0,0,5,31,1,11,0,1,19:51,354,0,2,0,0,1,6,-1,22,47,202,2,17,26,158,0,0,1,6,152,354,2,0,0,7,65,7,17,1,2,40:09,195,0,1,0,0,4,16
San Diego Chargers,Oakland Raiders,6,13,"December 15th, 2001","December 15th, 2001","December 15th, 2001",Oakland Raiders -4.0,-1,14,22,68,0,19,37,215,0,3,4,9,206,274,1,0,3,5,25,5,14,1,2,29:43,299,1,3,2,3,2,13,-1,15,27,91,0,20,28,221,1,1,2,13,208,299,3,2,3,5,35,5,11,0,0,30:17,274,3,1,0,3,4,9
Seattle Seahawks,Oakland Raiders,34,27,"November 11th, 2001","November 11th, 2001","November 11th, 2001",Oakland Raiders -6.0,-1,26,42,319,3,15,23,181,1,0,1,3,178,497,2,0,0,3,20,6,12,0,0,34:31,338,0,3,1,1,2,7,-1,20,18,88,0,24,38,257,2,0,2,7,250,338,3,1,1,5,25,3,10,1,1,25:29,497,0,2,0,0,1,3
Arizona Cardinals,Philadelphia Eagles,7,21,"November 4th, 2001","November 4th, 2001","November 4th, 2001",Philadelphia Eagles -7.0,-1,20,24,57,0,24,41,293,1,1,3,23,270,327,2,1,2,1,9,2,13,0,1,31:05,332,1,0,0,1,3,19,-1,13,22,113,0,19,33,238,2,1,3,19,219,332,0,0,1,11,92,4,14,0,0,28:55,327,1,2,1,2,3,23
Dallas Cowboys,Philadelphia Eagles,3,36,"November 18th, 2001","November 18th, 2001","November 18th, 2001",Philadelphia Eagles -7.0,-1,11,23,132,0,11,26,102,0,2,3,21,81,213,2,2,4,10,81,3,12,1,1,26:20,227,1,0,0,1,0,0,-1,17,35,98,0,16,32,129,1,1,0,0,129,227,0,0,1,3,22,7,17,1,1,33:40,213,2,2,2,4,3,21
Kansas City Chiefs,Philadelphia Eagles,10,23,"November 29th, 2001","November 29th, 2001","November 29th, 2001",Philadelphia Eagles -3.0,-1,18,20,83,0,21,35,213,1,1,2,5,208,291,2,2,3,3,43,4,11,0,1,25:00,378,1,0,0,1,2,18,-1,19,36,127,0,18,26,269,2,1,2,18,251,378,0,0,1,5,35,4,12,0,0,35:00,291,1,2,2,3,2,5
New York Giants,Philadelphia Eagles,9,10,"October 22nd, 2001","October 22nd, 2001","October 22nd, 2001",New York Giants -3.0,-1,16,31,96,0,21,33,162,0,0,3,20,142,238,2,1,1,3,31,6,17,1,1,35:20,215,1,0,0,1,4,30,-1,13,20,91,0,15,26,154,1,1,4,30,124,215,0,0,1,7,35,2,11,1,1,24:40,238,0,2,1,1,3,20
San Francisco 49ers,Philadelphia Eagles,13,3,"December 22nd, 2001","December 22nd, 2001","December 22nd, 2001",San Francisco 49ers -3.0,-1,14,30,117,0,14,24,136,1,0,2,9,127,244,1,0,0,3,15,4,12,0,0,31:20,292,1,2,0,1,3,19,-1,12,22,79,0,23,34,232,0,1,3,19,213,292,2,0,1,11,109,3,14,0,1,28:40,244,0,1,0,0,2,9
Seattle Seahawks,Philadelphia Eagles,3,27,"September 23rd, 2001","September 23rd, 2001","September 23rd, 2001",Philadelphia Eagles -2.5,-1,9,26,126,0,9,24,62,0,0,7,41,21,147,2,1,1,7,62,4,16,0,0,27:24,344,0,1,1,1,5,41,-1,18,31,102,1,24,37,283,2,0,5,41,242,344,1,1,1,5,30,8,20,1,1,32:36,147,0,2,1,1,7,41
Tampa Bay Buccaneers,Philadelphia Eagles,13,17,"January 6th, 2002","January 6th, 2002","January 6th, 2002",Tampa Bay Buccaneers -3.0,-1,16,25,71,1,22,32,194,0,1,3,29,165,236,2,1,2,1,10,6,15,0,0,32:42,296,2,0,0,2,1,9,-1,15,25,111,0,15,28,194,2,2,1,9,185,296,0,0,2,11,95,4,12,0,0,27:18,236,1,2,1,2,3,29
Washington Redskins,Philadelphia Eagles,6,20,"December 16th, 2001","December 16th, 2001","December 16th, 2001",Philadelphia Eagles -2.5,-1,16,29,157,0,17,36,213,0,2,2,8,205,362,2,1,3,7,58,3,14,0,1,33:48,287,3,2,1,4,2,11,-1,11,23,63,0,16,34,235,2,3,2,11,224,287,2,1,4,6,45,3,14,1,1,26:12,362,2,2,1,3,2,8
Baltimore Ravens,Pittsburgh Steelers,21,26,"December 16th, 2001","December 16th, 2001","December 16th, 2001",Baltimore Ravens -3.0,-1,15,13,58,1,20,38,159,2,1,2,10,149,207,1,0,1,3,35,6,14,0,0,18:55,476,0,0,0,0,3,15,-1,22,39,158,1,20,31,333,2,0,3,15,318,476,0,0,0,7,70,9,15,0,1,41:05,207,1,1,0,1,2,10
Buffalo Bills,Pittsburgh Steelers,3,20,"September 30th, 2001","September 30th, 2001","September 30th, 2001",Pittsburgh Steelers -3.0,-1,14,22,52,0,16,27,148,0,1,4,28,120,172,2,1,2,6,57,5,13,0,0,26:50,270,0,1,0,0,2,7,-1,16,31,170,1,15,22,107,0,0,2,7,100,270,1,0,0,12,125,4,12,0,0,33:10,172,1,2,1,2,4,28
Cincinnati Bengals,Pittsburgh Steelers,26,23,"December 30th, 2001","December 30th, 2001","December 30th, 2001",Pittsburgh Steelers -8.0,-1,32,29,141,0,35,68,411,2,1,2,8,403,544,4,2,3,7,65,9,18,0,4,36:26,313,4,1,1,5,2,11,-1,16,28,73,0,19,35,251,3,4,2,11,240,313,1,1,5,7,38,6,17,0,1,34:26,544,1,4,2,3,2,8
Cleveland Browns,Pittsburgh Steelers,12,15,"November 11th, 2001","November 11th, 2001","November 11th, 2001",Pittsburgh Steelers -3.0,-1,15,23,74,0,18,33,160,1,0,7,47,113,187,2,0,0,5,45,6,16,0,0,29:23,428,0,2,1,1,2,7,-1,20,41,247,0,18,32,188,0,0,2,7,181,428,2,1,1,2,30,7,16,0,0,35:59,187,0,2,0,0,7,47
Jacksonville Jaguars,Pittsburgh Steelers,21,3,"September 9th, 2001","September 9th, 2001","September 9th, 2001",Jacksonville Jaguars -3.0,-1,16,29,101,0,15,26,198,3,0,1,0,198,299,2,0,0,4,31,4,12,0,1,28:50,281,2,5,2,4,3,20,-1,15,28,120,0,21,37,181,0,2,3,20,161,281,5,2,4,4,29,6,16,1,3,31:10,299,0,2,0,0,1,0
Kansas City Chiefs,Pittsburgh Steelers,17,20,"October 14th, 2001","October 14th, 2001","October 14th, 2001",Kansas City Chiefs -2.5,-1,19,24,165,2,16,33,127,0,1,4,21,106,271,0,0,1,2,10,3,11,1,1,26:56,316,0,1,0,0,3,28,-1,16,35,203,0,15,25,141,1,0,3,28,113,316,1,0,0,8,67,6,14,0,0,33:04,271,1,0,0,1,4,21
Tampa Bay Buccaneers,Pittsburgh Steelers,10,17,"October 21st, 2001","October 21st, 2001","October 21st, 2001",Tampa Bay Buccaneers -5.0,-1,19,19,64,0,24,40,283,1,1,10,69,214,278,0,0,1,1,10,4,15,3,4,30:58,344,2,2,1,3,2,8,-1,17,35,220,1,11,17,132,1,2,2,8,124,344,2,1,3,1,5,6,10,1,1,29:02,278,1,0,0,1,10,69
Tennessee Titans,Pittsburgh Steelers,24,34,"November 25th, 2001","November 25th, 2001","November 25th, 2001",Tennessee Titans -2.0,-1,21,21,81,1,23,37,334,2,2,2,10,324,405,1,0,2,6,45,4,10,0,1,29:25,377,0,1,0,0,1,7,-1,20,31,130,1,19,32,254,2,0,1,7,247,377,1,0,0,6,62,7,14,0,0,30:35,405,2,1,0,2,2,10
Cleveland Browns,San Diego Chargers,20,16,"October 7th, 2001","October 7th, 2001","October 7th, 2001",San Diego Chargers -3.0,-1,16,31,97,1,14,27,203,1,0,4,22,181,278,3,1,1,6,40,5,15,0,0,30:05,269,0,3,0,0,1,6,-1,15,26,126,1,17,37,149,0,0,1,6,143,269,3,0,0,6,30,4,15,1,1,29:55,278,0,3,1,1,4,22
Dallas Cowboys,San Diego Chargers,21,32,"September 23rd, 2001","September 23rd, 2001","September 23rd, 2001",San Diego Chargers -3.5,-1,14,26,101,0,12,25,193,3,3,1,5,188,289,2,2,5,3,27,4,10,0,1,22:01,475,0,2,1,1,1,3,-1,26,38,130,1,23,38,348,2,0,1,3,345,475,2,1,1,3,57,9,18,0,0,37:59,289,3,2,2,5,1,5
Denver Broncos,San Diego Chargers,26,16,"November 11th, 2001","November 11th, 2001","November 11th, 2001",Denver Broncos -5.5,-1,19,42,117,0,21,31,224,2,0,3,3,221,338,2,1,1,4,20,6,17,0,1,39:54,243,4,2,1,5,1,18,-1,9,17,96,0,12,31,165,1,4,1,18,147,243,2,1,5,3,16,3,12,0,0,20:06,338,0,2,1,1,3,3
Kansas City Chiefs,San Diego Chargers,20,17,"December 23rd, 2001","December 23rd, 2001","December 23rd, 2001",Kansas City Chiefs -3.5,-1,24,32,120,1,19,28,203,1,2,1,0,203,323,1,0,2,2,10,8,13,0,0,31:35,329,0,1,0,0,2,11,-1,20,29,165,0,15,27,175,2,0,2,11,164,329,1,0,0,7,47,4,11,0,0,28:25,323,2,1,0,2,1,0
New England Patriots,San Diego Chargers,29,26,"October 14th, 2001","October 14th, 2001","October 14th, 2001",San Diego Chargers -3.0,-1,30,24,29,1,33,54,364,2,0,3,19,345,374,3,1,1,7,51,7,15,1,2,34:02,343,0,2,1,1,1,12,-1,20,28,85,1,20,32,270,1,0,1,12,258,343,2,1,1,11,93,5,12,0,0,30:03,374,0,3,1,1,3,19
Oakland Raiders,San Diego Chargers,34,24,"November 18th, 2001","November 18th, 2001","November 18th, 2001",Oakland Raiders -9.0,-1,21,28,88,0,25,38,311,4,1,4,18,293,381,2,0,1,2,25,8,16,1,1,32:29,250,1,2,1,2,0,0,-1,12,29,152,2,12,27,98,0,1,0,0,98,250,2,1,2,5,47,5,16,0,0,27:31,381,1,2,0,1,4,18
Philadelphia Eagles,San Diego Chargers,24,14,"December 9th, 2001","December 9th, 2001","December 9th, 2001",Philadelphia Eagles -7.0,-1,14,24,63,0,22,45,221,2,1,2,11,210,273,1,0,1,4,30,6,19,1,1,29:28,393,2,3,2,4,2,10,-1,18,27,96,0,20,44,307,2,2,2,10,297,393,3,2,4,7,67,6,19,0,0,30:32,273,1,1,0,1,2,11
Seattle Seahawks,San Diego Chargers,13,10,"December 2nd, 2001","December 2nd, 2001","December 2nd, 2001",Seattle Seahawks -3.0,-1,18,36,117,1,19,35,202,0,0,2,10,192,309,0,0,0,3,24,9,20,1,1,36:59,292,2,1,1,3,1,10,-1,19,27,107,1,19,33,195,0,2,1,10,185,292,1,1,3,7,46,4,12,0,0,29:24,309,0,0,0,0,2,10
Atlanta Falcons,San Francisco 49ers,31,37,"October 14th, 2001","October 14th, 2001","October 14th, 2001",San Francisco 49ers -3.0,-1,21,24,88,1,19,36,268,2,1,2,14,254,342,1,0,1,4,30,6,14,0,0,31:47,517,0,4,2,2,1,2,-1,27,35,187,2,27,41,332,3,0,1,2,330,517,4,2,2,8,70,10,15,0,0,36:57,342,1,1,0,1,2,14
Carolina Panthers,San Francisco 49ers,22,25,"November 18th, 2001","November 18th, 2001","November 18th, 2001",San Francisco 49ers -7.0,-1,14,16,103,0,22,41,177,2,0,0,0,177,280,2,0,0,8,60,3,13,0,0,25:21,417,2,1,1,3,3,9,-1,26,26,121,0,34,54,305,3,2,3,9,296,417,1,1,3,10,70,10,20,1,1,39:20,280,0,2,0,0,0,0
Chicago Bears,San Francisco 49ers,37,31,"October 28th, 2001","October 28th, 2001","October 28th, 2001",Chicago Bears -2.0,-1,29,30,135,1,30,47,229,3,2,0,0,229,364,1,1,3,3,17,7,15,2,2,29:02,350,2,2,0,2,3,2,-1,20,28,83,0,21,29,269,2,2,3,2,267,350,2,0,2,8,78,5,11,0,1,31:14,364,2,1,1,3,0,0
Dallas Cowboys,San Francisco 49ers,27,21,"December 30th, 2001","December 30th, 2001","December 30th, 2001",San Francisco 49ers -6.5,-1,24,44,186,1,15,25,241,2,0,1,7,234,420,0,0,0,5,27,11,17,0,0,37:49,285,0,1,1,1,0,0,-1,16,18,56,1,21,36,229,2,0,0,0,229,285,1,1,1,2,10,5,12,1,2,22:11,420,0,0,0,0,1,7
Indianapolis Colts,San Francisco 49ers,21,40,"November 25th, 2001","November 25th, 2001","November 25th, 2001",Indianapolis Colts -2.5,-1,30,32,127,2,31,51,370,1,4,1,6,364,491,3,1,5,7,80,4,13,1,2,38:50,340,1,0,0,1,3,10,-1,16,23,171,2,14,22,179,2,1,3,10,169,340,0,0,1,8,58,2,9,0,0,21:10,491,4,3,1,5,1,6
New Orleans Saints,San Francisco 49ers,0,38,"January 6th, 2002","January 6th, 2002","January 6th, 2002",San Francisco 49ers -2.5,-1,11,17,40,0,21,34,119,0,4,3,33,86,126,4,2,6,3,23,3,11,2,3,26:00,407,0,1,1,1,2,15,-1,22,41,138,1,16,23,284,4,0,2,15,269,407,1,1,1,0,0,5,14,1,2,34:00,126,4,4,2,6,3,33
New York Jets,San Francisco 49ers,17,19,"October 1st, 2001","October 1st, 2001","October 1st, 2001",New York Jets -3.0,-1,16,23,82,2,12,25,202,0,0,2,16,186,268,1,0,0,1,5,5,11,0,0,23:52,359,0,2,1,1,2,15,-1,21,43,233,0,16,20,141,1,0,2,15,126,359,2,1,1,7,48,6,11,0,0,36:08,268,0,1,0,0,2,16
St. Louis Rams,San Francisco 49ers,27,14,"December 9th, 2001","December 9th, 2001","December 9th, 2001",St. Louis Rams -7.0,-1,23,30,115,1,26,42,294,2,1,4,24,270,385,1,1,2,7,48,7,17,2,2,35:31,220,2,0,0,2,1,2,-1,16,23,76,2,13,36,146,0,2,1,2,144,220,0,0,2,5,30,5,14,1,2,24:29,385,1,1,1,2,4,24
Buffalo Bills,Seattle Seahawks,20,23,"November 18th, 2001","November 18th, 2001","November 18th, 2001",Seattle Seahawks -3.5,-1,25,22,69,0,28,42,316,2,0,2,13,303,372,4,2,2,4,23,3,10,1,1,30:13,246,0,0,0,0,0,0,-1,16,32,112,1,16,23,134,1,0,0,0,134,246,0,0,0,7,57,4,11,0,0,29:47,372,0,4,2,2,2,13
Cleveland Browns,Seattle Seahawks,6,9,"September 9th, 2001","September 9th, 2001","September 9th, 2001",Seattle Seahawks -4.0,-1,13,25,90,0,17,33,176,0,1,3,27,149,239,0,0,1,4,43,8,17,0,0,29:52,251,2,2,0,2,4,28,-1,16,27,101,0,20,34,178,0,2,4,28,150,251,2,0,2,1,5,6,16,1,2,30:08,239,1,0,0,1,3,27
Denver Broncos,Seattle Seahawks,20,7,"December 9th, 2001","December 9th, 2001","December 9th, 2001",Denver Broncos -6.0,-1,20,28,165,0,21,37,158,2,1,2,14,144,309,2,1,2,6,45,7,14,1,1,31:18,277,2,0,0,2,5,36,-1,15,21,70,0,17,37,243,1,2,5,36,207,277,0,0,2,5,62,5,14,1,3,28:42,309,1,2,1,2,2,14
Kansas City Chiefs,Seattle Seahawks,19,7,"November 25th, 2001","November 25th, 2001","November 25th, 2001",Kansas City Chiefs -1.5,-1,23,44,188,2,16,26,256,0,0,3,11,245,433,2,0,0,3,20,4,11,1,1,35:27,204,0,0,0,0,3,23,-1,11,17,65,0,16,26,162,1,0,3,23,139,204,0,0,0,4,35,4,12,0,0,24:33,433,0,2,0,0,3,11
New York Giants,Seattle Seahawks,27,24,"December 23rd, 2001","December 23rd, 2001","December 23rd, 2001",New York Giants -3.0,-1,22,21,88,1,30,47,338,1,0,1,6,332,420,2,2,2,6,61,5,14,0,0,30:30,259,1,2,1,2,3,24,-1,14,30,98,1,15,26,185,1,1,3,24,161,259,2,1,2,2,10,3,12,0,0,29:30,420,0,2,2,2,1,6
Oakland Raiders,Seattle Seahawks,38,14,"September 30th, 2001","September 30th, 2001","September 30th, 2001",Oakland Raiders -10.5,-1,17,25,93,1,22,32,251,3,0,1,0,251,344,2,1,1,12,89,6,14,0,0,29:58,348,1,2,2,3,7,37,-1,21,16,42,1,25,47,343,1,1,7,37,306,348,2,2,3,5,50,4,13,2,4,30:02,344,0,2,1,1,1,0
San Diego Chargers,Seattle Seahawks,22,25,"December 30th, 2001","December 30th, 2001","December 30th, 2001",San Diego Chargers -1.5,-1,21,16,52,0,34,53,377,1,2,4,31,346,398,0,0,2,10,64,5,16,0,0,34:09,307,0,3,0,0,3,21,-1,14,25,61,0,14,23,267,3,0,3,21,246,307,3,0,0,4,24,1,11,0,0,25:51,398,2,0,0,2,4,31
Washington Redskins,Seattle Seahawks,27,14,"November 4th, 2001","November 4th, 2001","November 4th, 2001",Seattle Seahawks -2.5,-1,21,46,226,1,15,23,152,2,1,1,13,139,365,0,0,1,6,45,11,17,0,0,39:18,275,3,4,1,4,4,33,-1,12,14,60,1,14,30,248,1,3,4,33,215,275,4,1,4,1,16,4,9,0,1,20:42,365,1,0,0,1,1,13
Atlanta Falcons,St. Louis Rams,6,35,"December 2nd, 2001","December 2nd, 2001","December 2nd, 2001",St. Louis Rams -8.0,-1,20,30,128,0,21,37,217,0,1,4,25,192,320,1,1,2,7,61,8,17,1,2,35:24,422,0,0,0,0,2,9,-1,19,20,89,0,17,23,342,4,0,2,9,333,422,0,0,0,12,107,4,7,0,0,24:36,320,1,1,1,2,4,25
Carolina Panthers,St. Louis Rams,32,38,"December 23rd, 2001","December 23rd, 2001","December 23rd, 2001",St. Louis Rams -12.5,-1,24,21,97,1,24,51,312,1,0,1,7,305,402,3,1,1,4,30,4,15,0,1,26:09,412,2,1,1,3,3,20,-1,21,33,215,2,18,24,217,2,2,3,20,197,412,1,1,3,4,33,6,12,0,0,33:51,402,0,3,1,1,1,7
Detroit Lions,St. Louis Rams,0,35,"October 8th, 2001","October 8th, 2001","October 8th, 2001",St. Louis Rams -12.5,-1,14,18,105,0,26,34,262,0,2,6,33,229,334,2,1,3,8,68,4,12,0,2,28:49,378,0,3,1,1,1,7,-1,23,21,94,1,29,37,291,3,0,1,7,284,378,3,1,1,3,15,6,11,0,1,31:11,334,2,2,1,3,6,33
New England Patriots,St. Louis Rams,17,24,"November 18th, 2001","November 18th, 2001","November 18th, 2001",St. Louis Rams -8.5,-1,13,20,51,0,19,27,185,1,2,2,6,179,230,1,1,3,3,15,5,12,1,1,26:06,482,2,2,1,3,1,5,-1,26,28,86,0,30,42,401,3,2,1,5,396,482,2,1,3,5,36,8,14,0,0,33:54,230,2,1,1,3,2,6
New Orleans Saints,St. Louis Rams,21,34,"December 17th, 2001","December 17th, 2001","December 17th, 2001",St. Louis Rams -6.0,-1,17,19,68,0,23,40,269,3,2,5,27,242,310,0,0,2,16,132,5,13,0,2,28:28,365,0,3,2,2,4,29,-1,21,25,56,0,23,32,338,4,0,4,29,309,365,3,2,2,11,85,6,12,0,0,31:32,310,2,0,0,2,5,27
New York Jets,St. Louis Rams,14,34,"October 21st, 2001","October 21st, 2001","October 21st, 2001",St. Louis Rams -7.0,-1,17,24,132,0,18,27,142,2,1,1,8,134,266,1,0,1,9,66,1,9,1,2,26:28,448,0,2,2,2,4,11,-1,22,34,234,2,19,28,225,1,0,4,11,214,448,2,2,2,4,33,8,13,0,0,33:32,266,1,1,0,1,1,8
Philadelphia Eagles,St. Louis Rams,17,20,"September 9th, 2001","September 9th, 2001","September 9th, 2001",St. Louis Rams -3.0,-1,19,18,57,0,32,48,312,2,1,5,35,277,334,2,2,3,2,20,5,15,3,3,32:44,364,2,4,0,2,4,26,-1,22,23,82,1,28,42,308,1,2,4,26,282,364,4,0,2,7,45,6,14,0,0,35:12,334,1,2,2,3,5,35
San Francisco 49ers,St. Louis Rams,26,30,"September 23rd, 2001","September 23rd, 2001","September 23rd, 2001",St. Louis Rams -6.0,-1,14,25,116,2,19,34,121,1,1,1,5,116,232,0,0,1,3,25,5,16,3,3,30:04,425,1,2,2,3,1,11,-1,20,25,115,0,24,35,321,3,1,1,11,310,425,2,2,3,8,92,6,10,0,0,29:56,232,1,0,0,1,1,5
New England Patriots,Super Bowl XXXVI - St. Louis Rams,20,17,"February 3rd, 2002","February 3rd, 2002","February 3rd, 2002",St. Louis Rams -14.0,-1,15,25,133,0,16,27,145,1,0,2,11,134,267,0,0,0,5,31,2,11,0,0,26:30,427,2,2,1,3,3,28,-1,26,22,90,1,28,44,365,1,2,3,28,337,427,2,1,3,6,39,5,13,0,0,33:30,267,0,0,0,0,2,11
Chicago Bears,Tampa Bay Buccaneers,27,3,"December 16th, 2001","December 16th, 2001","December 16th, 2001",Chicago Bears -2.5,-1,21,40,207,1,14,29,190,2,1,3,18,172,379,0,0,1,2,15,5,16,0,1,36:01,238,2,3,2,4,1,14,-1,10,18,61,0,18,40,191,0,2,1,14,177,238,3,2,4,5,36,2,14,0,1,23:59,379,1,0,0,1,3,18
Cincinnati Bengals,Tampa Bay Buccaneers,13,16,"December 2nd, 2001","December 2nd, 2001","December 2nd, 2001",Tampa Bay Buccaneers -5.0,-1,17,24,86,0,19,38,144,1,1,3,29,115,201,3,1,2,8,47,6,16,1,1,25:26,264,0,2,1,1,6,32,-1,19,30,65,0,26,33,231,0,0,6,32,199,264,2,1,1,7,52,5,14,0,1,39:40,201,1,3,1,2,3,29
Dallas Cowboys,Tampa Bay Buccaneers,6,10,"September 9th, 2001","September 9th, 2001","September 9th, 2001",Tampa Bay Buccaneers -9.0,-1,8,23,99,0,9,19,34,0,2,2,6,28,127,2,1,3,4,32,1,10,0,1,23:28,263,1,1,1,2,2,3,-1,19,33,71,1,25,34,195,0,1,2,3,192,263,1,1,2,6,61,8,15,0,0,36:32,127,2,2,1,3,2,6
Detroit Lions,Tampa Bay Buccaneers,17,20,"November 11th, 2001","November 11th, 2001","November 11th, 2001",Tampa Bay Buccaneers -5.0,-1,19,23,52,1,21,40,239,1,2,5,21,218,270,1,1,3,4,30,5,16,1,1,30:19,274,0,2,1,1,2,13,-1,16,25,99,0,20,37,188,1,0,2,13,175,274,2,1,1,5,44,5,14,0,1,29:41,270,2,1,1,3,5,21
Green Bay Packers,Tampa Bay Buccaneers,21,20,"November 4th, 2001","November 4th, 2001","November 4th, 2001",Green Bay Packers -5.0,-1,16,29,184,1,16,27,180,1,2,1,12,168,352,3,1,3,7,67,4,14,0,0,26:39,194,0,2,0,0,7,44,-1,15,24,61,0,18,30,177,2,0,7,44,133,194,2,0,0,9,66,3,16,1,1,33:21,352,2,3,1,3,1,12
Minnesota Vikings,Tampa Bay Buccaneers,20,16,"September 30th, 2001","September 30th, 2001","September 30th, 2001",Tampa Bay Buccaneers -2.5,-1,25,24,90,1,30,44,322,1,2,1,10,312,402,0,0,2,6,36,9,12,0,0,36:15,331,1,0,0,1,1,1,-1,20,16,108,1,20,34,224,0,1,1,1,223,331,0,0,1,3,25,1,8,0,0,23:45,402,2,0,0,2,1,10
St. Louis Rams,Tampa Bay Buccaneers,17,24,"November 26th, 2001","November 26th, 2001","November 26th, 2001",St. Louis Rams -9.5,-1,19,19,76,0,19,39,291,1,2,3,22,269,345,5,4,6,5,41,4,12,1,3,24:58,264,1,0,0,1,2,12,-1,18,31,91,3,21,34,185,0,1,2,12,173,264,0,0,1,5,36,7,16,1,1,35:02,345,2,5,4,6,3,22
Tennessee Titans,Tampa Bay Buccaneers,31,28,"October 14th, 2001","October 14th, 2001","October 14th, 2001",Tennessee Titans -3.0,-1,21,41,142,2,18,26,239,1,1,2,16,223,365,0,0,1,12,117,8,16,0,0,36:33,306,1,0,0,1,1,5,-1,22,17,24,1,24,50,287,3,1,1,5,282,306,0,0,1,8,53,4,15,1,1,26:05,365,1,0,0,1,2,16
Baltimore Ravens,Tennessee Titans,26,7,"October 7th, 2001","October 7th, 2001","October 7th, 2001",Baltimore Ravens -3.5,-1,23,40,207,2,15,31,259,1,0,1,6,253,460,0,0,0,5,30,6,15,0,0,34:59,185,2,0,0,2,3,16,-1,9,17,47,0,17,33,154,0,2,3,16,138,185,0,0,2,9,107,2,14,0,1,25:01,460,0,0,0,0,1,6
Cincinnati Bengals,Tennessee Titans,7,20,"November 18th, 2001","November 18th, 2001","November 18th, 2001",Cincinnati Bengals -1.5,-1,17,21,40,0,23,41,234,1,2,1,10,224,264,1,1,3,8,70,3,13,0,2,27:33,293,1,2,1,2,1,8,-1,13,31,129,0,16,25,172,1,1,1,8,164,293,2,1,2,11,93,8,16,0,0,32:27,264,2,1,1,3,1,10
Cleveland Browns,Tennessee Titans,15,31,"December 2nd, 2001","December 2nd, 2001","December 2nd, 2001",Cleveland Browns -1.5,-1,16,17,65,0,24,38,224,2,1,2,7,217,282,4,2,3,7,52,2,12,1,2,26:33,383,0,2,0,0,0,0,-1,14,39,111,1,13,19,272,3,0,0,0,272,383,2,0,0,9,72,4,12,0,1,33:27,282,1,4,2,3,2,7
Detroit Lions,Tennessee Titans,24,27,"October 21st, 2001","October 21st, 2001","October 21st, 2001",Tennessee Titans -5.5,-1,18,19,41,0,25,42,338,3,1,4,16,322,363,2,1,2,8,77,6,16,1,3,28:36,329,2,1,0,2,1,10,-1,18,33,102,0,16,36,237,1,2,1,10,227,329,1,0,2,5,45,7,18,0,0,31:24,363,1,2,1,2,4,16
Jacksonville Jaguars,Tennessee Titans,13,6,"September 23rd, 2001","September 23rd, 2001","September 23rd, 2001",Jacksonville Jaguars -2.0,-1,16,30,119,1,17,27,235,0,0,3,25,210,329,4,2,2,3,20,2,12,0,0,30:13,264,0,0,0,0,4,38,-1,13,22,87,0,21,36,215,0,0,4,38,177,264,0,0,0,6,65,1,14,1,4,29:47,329,0,4,2,2,3,25
Minnesota Vikings,Tennessee Titans,42,24,"December 9th, 2001","December 9th, 2001","December 9th, 2001",Tennessee Titans -2.5,-1,24,25,148,2,21,31,348,4,1,0,0,348,496,0,0,1,5,35,4,8,0,0,27:20,453,0,2,2,2,4,31,-1,24,29,182,1,25,36,302,2,0,4,31,271,453,2,2,2,3,20,8,14,1,2,32:40,496,1,0,0,1,0,0
Oakland Raiders,Tennessee Titans,10,13,"December 22nd, 2001","December 22nd, 2001","December 22nd, 2001",Oakland Raiders -6.0,-1,20,21,77,0,29,50,249,1,1,2,15,234,311,0,0,1,4,66,6,15,1,1,30:24,262,2,0,0,2,3,19,-1,14,33,103,0,15,27,178,1,2,3,19,159,262,0,0,2,7,54,8,16,0,0,29:36,311,1,0,0,1,2,15
Pittsburgh Steelers,Tennessee Titans,34,7,"October 29th, 2001","October 29th, 2001","October 29th, 2001",Pittsburgh Steelers -3.0,-1,24,39,133,3,14,24,289,1,0,3,17,272,405,0,0,0,4,20,4,12,1,1,34:17,214,2,2,2,4,3,18,-1,15,24,57,0,14,23,175,1,2,3,18,157,214,2,2,4,4,41,4,11,0,1,25:43,405,0,0,0,0,3,17
Arizona Cardinals,Washington Redskins,10,20,"December 9th, 2001","December 9th, 2001","December 9th, 2001",Arizona Cardinals -2.0,-1,17,22,80,0,20,34,253,1,1,1,7,246,326,1,0,1,8,49,2,10,0,1,26:16,331,0,1,0,0,1,9,-1,17,35,130,1,19,26,210,1,0,1,9,201,331,1,0,0,13,99,5,12,0,0,33:44,326,1,1,0,1,1,7
Dallas Cowboys,Washington Redskins,9,7,"October 15th, 2001","October 15th, 2001","October 15th, 2001",Dallas Cowboys -3.0,-1,23,45,211,0,15,28,177,0,1,1,2,175,386,0,0,1,3,22,8,16,0,0,36:45,226,0,2,1,1,2,9,-1,10,26,103,0,10,18,132,1,0,2,9,123,226,2,1,1,7,60,4,11,0,0,23:15,386,1,0,0,1,1,2
Denver Broncos,Washington Redskins,10,17,"November 18th, 2001","November 18th, 2001","November 18th, 2001",Denver Broncos -8.5,-1,10,27,88,0,11,31,114,1,0,3,16,98,186,5,2,2,7,57,5,16,0,1,26:40,245,0,5,3,3,3,23,-1,18,32,118,0,16,31,150,2,0,3,23,127,245,5,3,3,7,54,5,15,0,0,33:20,186,0,5,2,2,3,16
Green Bay Packers,Washington Redskins,37,0,"September 24th, 2001","September 24th, 2001","September 24th, 2001",Green Bay Packers -8.5,-1,23,40,160,0,20,31,236,3,1,1,10,226,386,1,0,1,3,15,6,15,2,2,37:05,137,1,3,2,3,5,36,-1,8,15,71,0,15,24,102,0,1,5,36,66,137,3,2,3,8,70,3,11,0,0,22:55,386,1,1,0,1,1,10
New Orleans Saints,Washington Redskins,10,40,"December 30th, 2001","December 30th, 2001","December 30th, 2001",New Orleans Saints -5.0,-1,12,23,100,0,14,28,127,1,3,4,14,113,213,3,1,4,8,75,6,13,0,2,27:25,263,1,0,0,1,2,4,-1,19,44,173,4,9,15,94,0,1,2,4,90,263,0,0,1,4,34,10,16,0,0,32:35,213,3,3,1,4,4,14
New York Giants,Washington Redskins,23,9,"October 7th, 2001","October 7th, 2001","October 7th, 2001",New York Giants -14.0,-1,21,46,142,0,15,29,177,1,2,1,10,167,309,3,2,4,7,64,8,17,0,1,38:31,181,2,5,3,5,4,27,-1,9,17,57,0,13,31,151,0,2,4,27,124,181,5,3,5,7,53,1,13,0,1,21:29,309,2,3,2,4,1,10
Philadelphia Eagles,Washington Redskins,3,13,"November 25th, 2001","November 25th, 2001","November 25th, 2001",Philadelphia Eagles -8.0,-1,7,22,94,0,15,27,92,0,0,0,0,92,186,1,0,0,7,52,3,13,0,2,22:11,240,0,1,0,0,2,11,-1,16,45,155,1,12,18,96,0,0,2,11,85,240,1,0,0,5,41,7,17,0,0,37:49,186,0,1,0,0,0,0
San Diego Chargers,Washington Redskins,30,3,"September 9th, 2001","September 9th, 2001","September 9th, 2001",San Diego Chargers -2.5,-1,19,46,133,2,10,18,129,0,2,1,7,122,255,2,2,4,5,49,6,14,0,0,36:34,161,2,7,2,4,1,2,-1,8,19,44,0,15,32,119,0,2,1,2,117,161,7,2,4,6,69,2,12,0,1,23:26,255,2,2,2,4,1,7
Miami Dolphins,Wild Card - Baltimore Ravens,3,20,"January 13th, 2002","January 13th, 2002","January 13th, 2002",Miami Dolphins -2.5,-1,9,15,46,0,15,28,122,0,1,3,17,105,151,3,2,3,6,36,3,11,0,1,22:06,347,0,1,1,1,1,12,-1,20,50,226,1,12,18,133,1,0,1,12,121,347,1,1,1,5,35,10,16,0,0,37:54,151,1,3,2,3,3,17
Oakland Raiders,Wild Card - New York Jets,38,24,"January 12th, 2002","January 12th, 2002","January 12th, 2002",Oakland Raiders -4.5,-1,23,31,215,2,23,29,294,2,0,1,7,287,502,0,0,0,5,76,6,11,0,0,31:20,410,0,2,2,2,1,3,-1,23,23,145,0,26,40,268,3,0,1,3,265,410,2,2,2,0,0,3,11,3,3,28:40,502,0,0,0,0,1,7
Green Bay Packers,Wild Card - San Francisco 49ers,25,15,"January 13th, 2002","January 13th, 2002","January 13th, 2002",Green Bay Packers -3.5,-1,21,28,106,1,22,29,269,2,1,1,7,262,368,1,0,1,3,25,7,12,0,0,30:52,290,1,2,1,2,2,14,-1,19,21,71,1,22,32,233,1,1,2,14,219,290,2,1,2,3,30,6,12,0,0,29:08,368,1,1,0,1,1,7
Philadelphia Eagles,Wild Card - Tampa Bay Buccaneers,31,9,"January 12th, 2002","January 12th, 2002","January 12th, 2002",Philadelphia Eagles -3.5,-1,17,29,148,1,16,25,194,2,1,3,8,186,334,1,0,1,7,59,5,13,0,0,30:23,258,4,1,0,4,1,7,-1,16,24,63,0,22,36,202,0,4,1,7,195,258,1,0,4,4,28,5,12,0,0,29:37,334,1,1,0,1,3,8
